coc_number,year,ard_ard,ard_pprn
AK-500,2015,2824705,1138309
AK-500,2016,2891188,1169576
AK-500,2017,2849941,1210110
AK-500,2018,2847097,1293735
AK-500,2019,3784364,1264986
AK-501,2015,807072,602107
AK-501,2016,738551,669635
AK-501,2017,738301,707296
AK-501,2018,776502,756772
AK-501,2019,790036,792338
AL-500,2015,8319846,5389558
AL-500,2016,8748112,5708402
AL-500,2017,8647184,6079332
AL-500,2018,9109238,6505662
AL-500,2019,9223098,6587951
AL-501,2015,3837513,2837441
AL-501,2016,3838133,2980527
AL-501,2017,3736133,3048353
AL-501,2018,3741586,3230092
AL-501,2019,3699553,3110886
AL-502,2015,570662,508761
AL-502,2016,485063,546277
AL-502,2017,452978,570142
AL-502,2018,447309,629035
AL-502,2019,419114,595732
AL-503,2015,843450,794884
AL-503,2016,729618,831625
AL-503,2017,678545,860324
AL-503,2018,650007,918363
AL-503,2019,636987,942862
AL-504,2015,2259796,1384157
AL-504,2016,2044284,1443665
AL-504,2017,2044284,1480062
AL-504,2018,1970964,1584359
AL-504,2019,1196145,1623396
AL-505,2015,0,857862
AL-506,2015,248367,358529
AL-506,2016,232472,364906
AL-506,2017,216199,375269
AL-506,2018,199627,400157
AL-506,2019,203299,400316
AL-507,2015,522843,3312798
AL-507,2016,821073,3451663
AL-507,2017,1044477,3576720
AL-507,2018,1104980,3952178
AL-507,2019,1066686,3699879
AR-500,2015,4016037,1540571
AR-500,2016,3289946,1593254
AR-500,2017,3157488,1610197
AR-500,2018,3107871,1722097
AR-500,2019,3076941,1680647
AR-501,2015,458463,905684
AR-501,2016,380278,966215
AR-501,2017,353659,1027245
AR-501,2018,345423,1106218
AR-501,2019,323438,1114200
AR-503,2015,443043,1760965
AR-503,2016,458168,1817440
AR-503,2017,426096,1901178
AR-503,2018,482867,2304663
AR-503,2019,308348,2300091
AR-504,2015,0,804715
AR-504,2017,0,871849
AR-504,2018,0,915278
AR-504,2019,0,867881
AR-505,2015,340591,737952
AR-505,2016,292022,750686
AR-505,2017,271580,787114
AR-505,2018,257589,844557
AR-505,2019,247942,847475
AR-508,2015,0,556694
AR-508,2016,0,604639
AR-512,2016,0,218738
AR-512,2017,0,232682
AS-500,2019,0,459338
AZ-500,2015,4216369,2793480
AZ-500,2016,3883936,3340318
AZ-500,2017,3883471,3517453
AZ-500,2018,3880375,3763471
AZ-500,2019,3912060,3821458
AZ-501,2015,8526226,5124218
AZ-501,2016,8172322,5588707
AZ-501,2017,8169802,5759691
AZ-501,2018,8395741,6157719
AZ-501,2019,8334299,6172731
AZ-502,2015,26196615,16700039
AZ-502,2016,24568339,17949992
AZ-502,2017,25313828,18851495
AZ-502,2018,25346823,20155725
AZ-502,2019,26505040,20654277
CA-500,2015,17285459,7434871
CA-500,2016,19009820,8074319
CA-500,2017,19543610,8484901
CA-500,2018,21883337,9072201
CA-500,2019,25405437,8861044
CA-501,2015,26911013,11192223
CA-501,2016,30631104,11952143
CA-501,2017,31486407,12420764
CA-501,2018,40532368,13279111
CA-501,2019,44862542,13293659
CA-502,2015,27273402,8993579
CA-502,2016,28293885,9495123
CA-502,2017,33272919,9940663
CA-502,2018,34329783,10628870
CA-502,2019,36618328,10619719
CA-503,2015,18635759,6592397
CA-503,2016,19146072,7333528
CA-503,2017,19367838,7717645
CA-503,2018,19599048,8251438
CA-503,2019,20327219,8352246
CA-504,2015,2936645,1497240
CA-504,2016,2997907,1634172
CA-504,2017,2986734,1708526
CA-504,2018,3222762,1826981
CA-504,2019,3624821,1837011
CA-505,2015,10651296,2892055
CA-505,2016,10786719,3116312
CA-505,2017,12753390,3739418
CA-505,2018,14234434,3998407
CA-505,2019,15430571,4170806
CA-506,2015,2166656,1826918
CA-506,2016,1908540,1969320
CA-506,2017,1908540,2070034
CA-506,2018,1802763,2217138
CA-506,2019,1786579,2225238
CA-507,2015,2846608,319504
CA-507,2016,3179036,345744
CA-507,2017,3232967,359833
CA-507,2018,4195529,385002
CA-507,2019,4370656,400442
CA-508,2015,2251625,700357
CA-508,2016,1808587,749012
CA-508,2017,2284862,751225
CA-508,2018,2556056,789292
CA-508,2019,3008490,795310
CA-509,2015,2140714,274792
CA-509,2016,1712020,317439
CA-509,2017,1649881,312025
CA-509,2018,1570243,326888
CA-509,2019,1572595,344560
CA-510,2015,3473094,2842597
CA-510,2016,3247145,3078958
CA-510,2017,3110273,3209610
CA-510,2018,3135250,3431551
CA-510,2019,3296809,3395838
CA-511,2015,4863668,4009898
CA-511,2016,4294001,4285057
CA-511,2017,4290724,4321479
CA-511,2018,4285672,4620261
CA-511,2019,4352004,4667954
CA-512,2015,7485269,2295738
CA-512,2016,8160635,2437875
CA-512,2017,9542856,2469940
CA-512,2018,11566932,2641250
CA-512,2019,12409563,2707884
CA-513,2015,1742120,1857351
CA-513,2016,2026464,2010367
CA-513,2017,2127729,2049440
CA-513,2018,2257440,2209985
CA-513,2019,2287218,2241690
CA-514,2015,7585251,6943028
CA-514,2016,8509810,7467435
CA-514,2017,8893607,7785449
CA-514,2018,9124064,8321975
CA-514,2019,10459761,7843054
CA-515,2015,1217665,710952
CA-515,2016,1232711,812362
CA-515,2017,1232711,838918
CA-515,2018,1227123,905691
CA-515,2019,1079711,620865
CA-516,2015,373349,898512
CA-516,2016,317347,978591
CA-516,2017,317347,956267
CA-516,2018,317347,1030153
CA-516,2019,323603,1020786
CA-517,2015,602121,300586
CA-517,2016,694644,323473
CA-517,2017,694644,326375
CA-517,2018,725047,350635
CA-517,2019,718075,337498
CA-518,2015,1053051,708375
CA-518,2016,1221094,766396
CA-518,2017,1231882,792758
CA-518,2018,1288930,847176
CA-518,2019,1425556,866795
CA-519,2015,578630,524500
CA-519,2016,517735,563171
CA-519,2017,528301,570171
CA-519,2018,570871,604014
CA-519,2019,578796,617687
CA-520,2015,657612,792110
CA-520,2016,712271,859263
CA-520,2017,712271,884430
CA-520,2018,712751,943466
CA-520,2019,721588,964641
CA-521,2015,525070,466004
CA-521,2016,458394,481693
CA-521,2017,473409,491224
CA-521,2018,476153,524011
CA-521,2019,481697,536085
CA-522,2015,724199,495010
CA-522,2016,798171,541466
CA-522,2017,798988,579199
CA-522,2018,834362,646401
CA-522,2019,836284,658532
CA-523,2015,0,212707
CA-523,2016,0,213182
CA-523,2017,0,215630
CA-523,2018,0,229604
CA-523,2019,0,222960
CA-524,2015,0,437815
CA-524,2016,0,471714
CA-524,2017,0,488620
CA-524,2018,0,515155
CA-524,2019,0,518255
CA-525,2015,12419,295925
CA-525,2016,10556,302760
CA-525,2017,9817,310993
CA-525,2018,9817,340680
CA-525,2019,9817,344537
CA-526,2015,310199,393786
CA-526,2016,301090,429724
CA-526,2017,302026,440306
CA-526,2018,424790,469220
CA-526,2019,406899,467065
CA-527,2015,0,187647
CA-527,2016,0,183684
CA-527,2017,0,184121
CA-527,2018,0,196732
CA-527,2019,0,201166
CA-529,2015,0,179563
CA-529,2017,0,205638
CA-529,2018,0,207430
CA-529,2019,0,209334
CA-530,2016,0,103023
CA-530,2017,0,105476
CA-530,2018,0,104459
CA-530,2019,0,98744
CA-531,2019,175026,281740
CA-600,2015,94569949,60330374
CA-600,2016,101995691,63572025
CA-600,2017,104865915,65917815
CA-600,2018,108095651,70478040
CA-600,2019,122457061,68961451
CA-601,2015,16534996,13323963
CA-601,2016,17363919,14448695
CA-601,2017,17708276,15802180
CA-601,2018,19504303,16895306
CA-601,2019,20809562,17172716
CA-602,2015,19536499,12787010
CA-602,2016,21703735,13302922
CA-602,2017,21703735,13665037
CA-602,2018,22807570,14612152
CA-602,2019,23388929,14414374
CA-603,2015,1482184,1577428
CA-603,2016,1615010,1760769
CA-603,2017,1614978,1576493
CA-603,2018,1684716,1686084
CA-603,2019,1945236,1720438
CA-604,2015,4219801,5443552
CA-604,2016,5390165,5462510
CA-604,2017,5449819,5598776
CA-604,2018,5376223,5985825
CA-604,2019,5745883,6376972
CA-606,2015,7083724,3844171
CA-606,2016,7312216,4088787
CA-606,2017,7312216,4111016
CA-606,2018,7801973,4395111
CA-606,2019,8077755,4470188
CA-607,2015,2940442,1208492
CA-607,2016,3084033,1295691
CA-607,2017,3084033,1351699
CA-607,2018,3163253,1445110
CA-607,2019,3466789,1454738
CA-608,2015,9753569,9592139
CA-608,2016,9069625,10530021
CA-608,2017,9596126,10978453
CA-608,2018,9649536,11738579
CA-608,2019,9754646,11416428
CA-609,2015,7415245,10189052
CA-609,2016,9880150,11220078
CA-609,2017,10002982,11654268
CA-609,2018,10066156,12461021
CA-609,2019,9767625,12422887
CA-611,2015,1859792,3014914
CA-611,2016,1908656,3397896
CA-611,2017,2072803,3425163
CA-611,2018,2189139,3662358
CA-611,2019,2180607,3716410
CA-612,2015,2367960,1176511
CA-612,2016,2302719,1145250
CA-612,2017,2302719,1238322
CA-612,2018,2347395,1323898
CA-612,2019,2373290,1357666
CA-613,2015,205945,535945
CA-613,2016,175053,555029
CA-613,2017,175053,568675
CA-613,2018,161815,603394
CA-613,2019,165691,611746
CA-614,2015,1061562,1095607
CA-614,2016,902328,1192328
CA-614,2017,890056,1256640
CA-614,2018,906615,1343481
CA-614,2019,939693,1401963
CA-615,2015,0,95403
CO-500,2015,3207632,2895989
CO-500,2016,2938537,3080102
CO-500,2017,2778029,3268502
CO-500,2018,2810881,3279623
CO-500,2019,2980923,3438614
CO-503,2015,21211885,9457620
CO-503,2016,23730624,9996539
CO-503,2017,23730624,9906463
CO-503,2018,24574821,10609858
CO-503,2019,26458606,10386977
CO-504,2015,2206284,1955392
CO-504,2016,2386264,2155466
CO-504,2017,2372352,2253795
CO-504,2018,2333697,2409763
CO-504,2019,2335663,2456093
CT-502,2015,5997100,2333844
CT-503,2015,9118835,3119009
CT-503,2016,9895520,3292211
CT-503,2017,9895520,3426927
CT-503,2018,10238540,3674944
CT-503,2019,12730594,3922727
CT-505,2015,23810559,9095871
CT-505,2016,32598460,12092853
CT-505,2017,33413421,12418513
CT-505,2018,34270359,13270816
CT-505,2019,39707468,13117260
DC-500,2015,21213697,9403698
DC-500,2016,20207356,9955694
DC-500,2017,19774255,10380705
DC-500,2018,21279618,11098072
DC-500,2019,22010757,11156461
DE-500,2015,6665403,3475955
DE-500,2016,7629178,3652968
DE-500,2017,7629179,3734461
DE-500,2018,7723605,3993064
DE-500,2019,8017797,3975272
FL-500,2015,773639,2320545
FL-500,2016,796249,2509361
FL-500,2017,796249,2633518
FL-500,2018,799101,2815694
FL-500,2019,884214,2822511
FL-501,2015,6167246,5567839
FL-501,2016,6055045,6260726
FL-501,2017,6055045,6566372
FL-501,2018,6129972,7020147
FL-501,2019,6136796,7418253
FL-502,2015,3865749,2991505
FL-502,2016,3920283,3192292
FL-502,2017,3920282,3387479
FL-502,2018,3957412,3621835
FL-502,2019,4010705,3423641
FL-503,2015,1587976,2258430
FL-503,2016,1522617,2464634
FL-503,2017,1647715,2527864
FL-503,2018,1787775,2702810
FL-503,2019,1893571,2824428
FL-504,2015,1031012,1604151
FL-504,2016,1169059,1729981
FL-504,2017,1255558,1812443
FL-504,2018,1305347,1940936
FL-504,2019,1362212,1962307
FL-505,2015,621146,410777
FL-505,2016,557463,446544
FL-505,2017,557463,468363
FL-505,2018,605695,511937
FL-505,2019,658416,519763
FL-506,2015,1356348,1823393
FL-506,2016,1286972,1968232
FL-506,2017,1282124,2068067
FL-506,2018,1291383,2199915
FL-506,2019,1385763,2143301
FL-507,2015,7198175,6491886
FL-507,2016,7228991,7112259
FL-507,2017,7316769,7473072
FL-507,2018,7326489,7990065
FL-507,2019,7829344,8506448
FL-508,2015,665244,961947
FL-508,2016,595389,1023682
FL-508,2017,645800,1093804
FL-508,2018,662578,1159919
FL-508,2019,670363,1161583
FL-509,2015,1448921,907943
FL-509,2016,1555733,992581
FL-509,2017,1530912,1056089
FL-509,2018,1629149,1125078
FL-509,2019,1661189,1166966
FL-510,2015,4526804,4160406
FL-510,2016,4544865,4447951
FL-510,2017,4311530,4700514
FL-510,2018,4332319,5031420
FL-510,2019,4508181,5174318
FL-511,2015,929354,1507850
FL-511,2016,791585,1606730
FL-511,2017,736174,1660409
FL-511,2018,707257,1768906
FL-511,2019,762337,1637792
FL-512,2015,152400,333960
FL-512,2016,129540,356715
FL-512,2017,123326,220984
FL-512,2018,121598,236441
FL-512,2019,126214,246433
FL-513,2015,817332,660742
FL-513,2016,694732,730978
FL-513,2017,616732,763338
FL-513,2018,666117,816730
FL-513,2019,717886,849794
FL-514,2015,241997,1295399
FL-514,2016,205373,1400928
FL-514,2017,190997,1476772
FL-514,2018,245601,1578928
FL-514,2019,244761,1501547
FL-515,2015,41402,642993
FL-515,2016,35192,659990
FL-515,2017,32729,726110
FL-515,2018,30765,763843
FL-515,2019,30765,774341
FL-517,2015,197395,699588
FL-517,2016,169211,728567
FL-517,2017,157366,768404
FL-517,2018,158206,804440
FL-517,2019,160123,812176
FL-518,2015,275203,335226
FL-518,2016,346948,348852
FL-518,2017,346948,359466
FL-518,2018,339388,396573
FL-518,2019,349022,401109
FL-519,2015,758924,1766436
FL-519,2016,837163,1837332
FL-519,2017,831509,1903620
FL-519,2018,839421,2035171
FL-519,2019,850289,2129232
FL-520,2015,370361,879947
FL-520,2016,370361,998803
FL-520,2017,420301,1077910
FL-520,2018,370361,1141480
FL-520,2019,394161,1182211
FL-600,2015,32115472,13138468
FL-600,2016,29027696,14262228
FL-600,2017,29027696,14946113
FL-600,2018,29811201,15979550
FL-600,2019,30586660,16583716
FL-601,2015,10132430,4520464
FL-601,2016,10072946,4835895
FL-601,2017,10438621,5069466
FL-601,2018,9505090,5421670
FL-601,2019,10970949,5610421
FL-602,2015,215289,216903
FL-602,2016,182132,235623
FL-602,2017,182132,250871
FL-602,2018,199572,274728
FL-602,2019,250568,294012
FL-603,2015,2061821,2058516
FL-603,2016,1762276,2247531
FL-603,2017,1661056,2408142
FL-603,2018,1667288,2574926
FL-603,2019,1760581,2656082
FL-604,2015,528063,291885
FL-604,2016,448853,320938
FL-604,2017,471296,390328
FL-604,2018,479542,427553
FL-604,2019,477526,459160
FL-605,2015,5391742,4605398
FL-605,2016,4696369,4916179
FL-605,2017,4799395,5125273
FL-605,2018,5478835,5480115
FL-605,2019,5630604,5589236
FL-606,2015,297296,1403066
FL-606,2016,299792,1526200
FL-606,2017,358987,1576296
FL-606,2018,286151,1640161
FL-606,2019,270734,1730437
GA-500,2015,6874945,4618585
GA-500,2016,6713479,4871670
GA-500,2017,6777940,5050807
GA-500,2018,7041634,5399847
GA-500,2019,7321928,5265723
GA-501,2015,15602960,15655848
GA-501,2016,16041150,17640525
GA-501,2017,16929821,18464558
GA-501,2018,17414117,19752620
GA-501,2019,18649714,19954163
GA-502,2015,2773381,1439316
GA-502,2016,2712718,1699470
GA-502,2017,2522828,1792172
GA-502,2018,2495096,1916258
GA-502,2019,2422514,1697090
GA-503,2015,689244,316042
GA-503,2016,696892,322555
GA-503,2017,663759,340559
GA-503,2018,709605,364380
GA-503,2019,740693,361361
GA-504,2015,709617,1146459
GA-504,2016,604090,1224931
GA-504,2017,604090,1262648
GA-504,2018,607258,1349904
GA-504,2019,615226,1299407
GA-505,2015,1274573,1016818
GA-505,2016,1295712,1071333
GA-505,2017,1360498,1126406
GA-505,2018,1360522,1070068
GA-505,2019,1483591,1259359
GA-506,2015,2057749,2267992
GA-506,2016,2132318,2412880
GA-506,2017,2079724,2576314
GA-506,2018,2123692,2754533
GA-506,2019,2218833,2702040
GA-507,2015,4007707,1582329
GA-507,2016,3507581,1692793
GA-507,2017,3284537,1733935
GA-507,2018,3168106,1851688
GA-507,2019,3357485,1869819
GA-508,2015,3821213,3113356
GA-508,2016,4537067,3439009
GA-508,2017,4645806,3570808
GA-508,2018,4866729,3817572
GA-508,2019,4998875,3847197
GU-500,2015,1346148,1236101
GU-500,2016,1082174,1319776
GU-500,2017,1082174,1369204
GU-500,2018,1054700,1467492
GU-500,2019,1095910,1492579
HI-500,2015,1932112,1237030
HI-500,2016,2004278,1302640
HI-500,2017,2157800,1341880
HI-500,2018,2344347,1435735
HI-500,2019,2542866,1420407
HI-501,2015,9886729,5110994
HI-501,2016,9099981,5281046
HI-501,2017,9099981,5489286
HI-501,2018,9080553,5868627
HI-501,2019,9210982,5888780
IA-500,2015,871142,1139877
IA-500,2016,715112,1204301
IA-500,2017,712980,1276795
IA-500,2018,722532,1361977
IA-500,2019,741468,1367847
IA-501,2015,4762896,6931246
IA-501,2016,4376990,7270560
IA-501,2017,4537320,7482344
IA-501,2018,4745983,8010048
IA-501,2019,4804085,8123933
IA-502,2015,2935891,2672222
IA-502,2016,3120718,2894381
IA-502,2017,3335661,3018788
IA-502,2018,3315621,3221326
IA-502,2019,3438512,3243401
ID-500,2015,953216,530996
ID-500,2016,904489,584449
ID-500,2017,874443,627561
ID-500,2018,889887,661332
ID-500,2019,1046625,649680
ID-501,2015,3081462,2299335
ID-501,2016,2689798,2442840
ID-501,2017,2687178,2550776
ID-501,2018,2720641,2739309
ID-501,2019,3116383,2746903
IL-500,2015,909988,332622
IL-500,2016,903633,356682
IL-500,2017,948815,351169
IL-500,2018,927850,375732
IL-500,2019,920259,379015
IL-501,2015,1606011,1770581
IL-501,2016,1415764,1837412
IL-501,2017,1473861,1890210
IL-501,2018,1453200,2047648
IL-501,2019,2046239,1960049
IL-502,2015,2289184,1911895
IL-502,2016,2037513,2023591
IL-502,2017,2076630,2077963
IL-502,2018,2002113,2221795
IL-502,2019,2254639,2240170
IL-503,2015,843875,456502
IL-503,2016,731744,478708
IL-503,2017,688451,486899
IL-503,2018,692843,515834
IL-503,2019,703314,563363
IL-504,2015,2057290,1154915
IL-504,2016,1770523,1284524
IL-504,2017,1838647,1342063
IL-504,2018,1814852,1435152
IL-504,2019,1786998,1427742
IL-506,2015,3432952,1572851
IL-506,2016,3416291,1681079
IL-506,2017,3649789,1784835
IL-506,2018,3966130,1948115
IL-506,2019,4029727,1918715
IL-507,2015,1653476,1588504
IL-507,2016,1736750,1693111
IL-507,2017,1736750,1742656
IL-507,2018,1738227,1847999
IL-507,2019,1746846,1864140
IL-508,2015,3169354,1947622
IL-508,2016,3096889,2064648
IL-508,2017,3096862,2121335
IL-508,2018,3147676,2268074
IL-508,2019,3281137,2278439
IL-509,2015,615714,231875
IL-509,2016,611360,240748
IL-509,2017,568565,273917
IL-509,2018,580973,266009
IL-510,2015,60458806,49012705
IL-510,2016,62448146,52532834
IL-510,2017,63727938,54412238
IL-510,2018,67054040,58172441
IL-510,2019,70798663,57826275
IL-511,2015,11564751,9738053
IL-511,2016,11197915,11048780
IL-511,2017,11434751,11636046
IL-511,2018,11731407,12441144
IL-511,2019,12734656,12557377
IL-512,2015,1237608,1306414
IL-512,2016,1054696,1397828
IL-512,2017,950601,1440576
IL-512,2018,965449,1533018
IL-512,2019,963079,1526543
IL-513,2015,507123,399925
IL-513,2016,445540,419830
IL-513,2017,438717,443476
IL-513,2018,415203,485293
IL-513,2019,401503,526114
IL-514,2015,4109258,2308455
IL-514,2016,4283400,2538457
IL-514,2017,4283400,2611196
IL-514,2018,4526372,2791829
IL-514,2019,4744678,2852120
IL-515,2015,1024988,975948
IL-515,2016,875114,1009161
IL-515,2017,871813,1020920
IL-515,2018,882109,1095050
IL-515,2019,1014736,1101242
IL-516,2015,900738,350861
IL-516,2016,767758,380484
IL-516,2017,767758,405825
IL-516,2018,767758,429810
IL-516,2019,846639,426163
IL-517,2015,1512966,830067
IL-517,2016,1575624,905508
IL-517,2017,1575564,936658
IL-517,2018,1718394,1002174
IL-517,2019,1769946,1804684
IL-518,2015,974443,1855022
IL-518,2016,1004691,1964308
IL-518,2017,943042,2051790
IL-518,2018,901530,2193659
IL-518,2019,740232,2186987
IL-519,2015,631767,582494
IL-519,2016,631767,614466
IL-519,2017,631767,632367
IL-519,2018,641558,666390
IL-519,2019,646796,667158
IL-520,2015,1034925,1459523
IL-520,2016,874423,1536401
IL-520,2017,859231,1576544
IL-520,2018,810521,1679716
IL-520,2019,986766,1658911
IN-500,2015,1652598,1850543
IN-500,2016,1435007,1964137
IN-502,2015,11477369,16878850
IN-502,2016,10880755,17852450
IN-502,2017,13033445,20516062
IN-502,2018,13545128,21932384
IN-502,2019,16894778,21618326
IN-503,2015,4925972,5796989
IN-503,2016,4765814,6115763
IN-503,2017,4859253,6360352
IN-503,2018,5064847,6810441
IN-503,2019,5370871,6966772
KS-501,2015,1541494,1403885
KS-502,2015,2407083,1982088
KS-502,2016,2479662,2098029
KS-502,2017,2479662,2222639
KS-502,2018,2501271,2373156
KS-502,2019,2639432,2275662
KS-503,2015,1808086,1166076
KS-503,2016,1813668,1269091
KS-503,2017,1726468,1326875
KS-503,2018,1883942,1414813
KS-503,2019,1814908,1416615
KS-505,2015,587357,529230
KS-505,2016,657737,579129
KS-505,2017,657665,598547
KS-505,2018,684593,640412
KS-505,2019,663035,627390
KS-507,2015,2820840,3598519
KS-507,2016,2508151,3783922
KS-507,2017,2481159,3905501
KS-507,2018,2494555,4114049
KS-507,2019,2527967,4063745
KY-500,2015,8222231,7352208
KY-500,2016,7886787,7746621
KY-500,2017,8013913,7995628
KY-500,2018,8104329,8554030
KY-500,2019,10054171,8451147
KY-501,2015,9073921,7001350
KY-501,2016,8941171,7468452
KY-501,2017,9180192,7768501
KY-501,2018,9276353,8305350
KY-501,2019,9632327,8212244
KY-502,2015,1523798,1376008
KY-502,2016,1543967,1484369
KY-502,2017,1455417,1562144
KY-502,2018,1449768,1670098
KY-502,2019,1765174,1688222
LA-500,2015,2735010,2044293
LA-500,2016,2392843,2114372
LA-500,2017,2405853,2119489
LA-500,2018,2540376,2271708
LA-500,2019,2764151,2290651
LA-502,2015,3979023,1603504
LA-502,2016,3771327,1624454
LA-502,2017,3771165,1804562
LA-502,2018,3925902,1940907
LA-502,2019,3892590,1975312
LA-503,2015,16855982,9457614
LA-503,2016,17862078,10084689
LA-503,2017,18388367,10469297
LA-503,2018,18524402,11192890
LA-503,2019,20668410,11125297
LA-504,2015,1988926,3094754
LA-504,2016,1728880,3226285
LA-505,2015,1491555,721021
LA-505,2016,1572674,748886
LA-505,2017,1572674,897812
LA-505,2018,1609261,971443
LA-505,2019,1698012,942048
LA-506,2015,2224329,828290
LA-506,2016,2225145,874855
LA-506,2017,2165826,1018225
LA-506,2018,2132851,1071535
LA-506,2019,2428518,1143298
LA-507,2015,714271,561051
LA-507,2016,704860,562760
LA-507,2017,698626,680021
LA-507,2018,716695,716901
LA-507,2019,708464,709080
LA-508,2015,1188662,626922
LA-508,2016,1052820,640527
LA-508,2017,1052820,716533
LA-509,2015,11269813,736923
LA-509,2016,11818487,764723
LA-509,2017,14377528,3647734
LA-509,2018,16272579,4669586
LA-509,2019,17880159,4639673
MA-500,2015,24063154,11032613
MA-500,2016,22164525,11670318
MA-500,2017,24083209,12023114
MA-500,2018,25645902,12853981
MA-500,2019,28251724,12626955
MA-502,2015,1997049,1563615
MA-502,2016,1725129,1675738
MA-502,2017,1681012,1748172
MA-502,2018,1793614,1868981
MA-502,2019,1852283,1828279
MA-503,2015,1677647,543886
MA-503,2016,1661416,565378
MA-503,2017,1818844,576183
MA-503,2018,1598108,611617
MA-503,2019,1804464,597997
MA-504,2015,2557002,3465226
MA-504,2016,3322648,3648128
MA-504,2017,3489092,3750942
MA-504,2018,3623415,3987296
MA-504,2019,4019347,3979887
MA-505,2015,1944951,1716257
MA-505,2016,1684939,1804321
MA-505,2017,1684939,1849954
MA-505,2018,1683752,1977797
MA-505,2019,1758917,1927885
MA-506,2015,6410028,4173240
MA-506,2016,6403065,4418678
MA-506,2017,6165272,4659862
MA-506,2018,6195279,4996141
MA-506,2019,6551627,4953901
MA-507,2015,1602948,1290991
MA-507,2016,1526049,1357348
MA-507,2017,1526049,1446585
MA-507,2018,1660103,1541305
MA-507,2019,1756048,1551290
MA-508,2015,803989,1327428
MA-508,2017,808792,1426731
MA-508,2018,804106,1525326
MA-508,2019,768699,1512048
MA-509,2015,3719124,1772925
MA-509,2016,4053356,1820196
MA-509,2017,4020064,1865337
MA-509,2018,4322638,1994243
MA-509,2019,4571999,1957769
MA-510,2015,1930208,1768458
MA-510,2016,1666360,1890981
MA-510,2017,1665529,1971193
MA-510,2018,1758097,2122235
MA-510,2019,1753272,2147015
MA-511,2015,4529102,2356277
MA-511,2016,5371633,2462810
MA-511,2017,5369740,2543066
MA-511,2018,5547318,2725675
MA-511,2019,6504341,2714344
MA-515,2015,1945917,1765222
MA-515,2016,1690979,1884862
MA-515,2017,1719028,1965096
MA-515,2018,1743743,2100896
MA-515,2019,1768888,2115104
MA-516,2015,11289698,4779364
MA-516,2016,9900375,5394848
MA-516,2017,11558955,7507760
MA-516,2018,12443331,8026251
MA-516,2019,12242454,8122703
MA-517,2015,2099681,1867653
MA-517,2016,1925107,1916373
MA-517,2017,1774503,1991551
MA-517,2018,1861279,2129419
MA-517,2019,1896636,2110060
MA-518,2015,1517832,2001537
MA-518,2016,1416700,2993947
MA-519,2015,913529,729992
MA-519,2016,791738,772120
MA-519,2017,775196,810198
MA-519,2018,785012,873756
MA-519,2019,794777,901970
MD-500,2015,809617,301071
MD-500,2016,699622,323891
MD-500,2017,650648,337926
MD-500,2018,661652,359717
MD-500,2019,668444,350900
MD-501,2015,21554805,12681731
MD-501,2016,20031494,13593788
MD-501,2017,20505225,14390095
MD-501,2018,20831889,15384534
MD-501,2019,22766097,15694811
MD-502,2015,798045,231837
MD-502,2016,903189,254991
MD-502,2017,893691,257768
MD-502,2018,917958,275798
MD-502,2019,900880,283731
MD-503,2015,2421090,1258219
MD-503,2016,2133878,1367888
MD-503,2017,2239362,1437984
MD-503,2018,2353435,1537414
MD-503,2019,2402691,1509428
MD-504,2015,902207,249380
MD-504,2016,762534,268418
MD-504,2017,762534,285922
MD-504,2018,768634,305921
MD-504,2019,786514,337311
MD-505,2015,2600823,2478070
MD-505,2016,2688366,2628988
MD-505,2017,2688366,2715403
MD-505,2018,2794107,2903053
MD-505,2019,2917756,2975492
MD-506,2015,366612,183999
MD-506,2016,379081,190654
MD-506,2017,379081,199566
MD-506,2018,394953,213110
MD-506,2019,402670,213309
MD-507,2015,261510,150750
MD-507,2016,244476,152318
MD-507,2017,244476,157045
MD-507,2018,244872,175448
MD-507,2019,255444,162658
MD-508,2015,2305863,373384
MD-508,2016,2452371,398939
MD-508,2017,2574990,427976
MD-508,2018,2750403,457615
MD-508,2019,2841450,477006
MD-509,2015,601950,253355
MD-509,2016,551706,273069
MD-509,2017,551706,283614
MD-509,2018,581619,307284
MD-509,2019,620588,318795
MD-510,2015,290612,60179
MD-510,2016,247160,65096
MD-510,2017,229859,64104
MD-510,2018,242699,66978
MD-510,2019,236927,66766
MD-511,2015,758497,304935
MD-511,2016,700725,326634
MD-511,2017,666135,344077
MD-511,2018,742947,374017
MD-511,2019,724431,370663
MD-512,2015,548266,305940
MD-512,2016,487371,325387
MD-512,2017,487371,343069
MD-512,2018,480051,367642
MD-512,2019,503511,375614
MD-513,2015,1164438,342755
MD-513,2016,1168696,362047
MD-513,2017,1196750,372684
MD-513,2018,1213694,385213
MD-513,2019,1279346,362022
MD-600,2015,5026256,2981352
MD-600,2016,4793960,3164569
MD-600,2017,4759953,3406223
MD-600,2018,5239911,3641651
MD-600,2019,5660147,3705820
MD-601,2015,7503916,2852532
MD-601,2016,8158110,3043952
MD-601,2017,8288534,3177383
MD-601,2018,8762940,3397041
MD-601,2019,8982609,3503565
ME-500,2015,7823650,3712281
ME-500,2016,7946394,3921251
ME-500,2017,11730697,5374362
ME-500,2018,12306167,5749120
ME-500,2019,12373012,5663665
ME-502,2015,3028451,1222088
ME-502,2016,3241263,1298188
MI-500,2015,8134759,5640904
MI-500,2016,8550336,5933151
MI-500,2017,8616376,6128595
MI-500,2018,8832530,6592763
MI-500,2019,9015642,6559906
MI-501,2015,24575829,21613087
MI-501,2016,23443227,22853421
MI-501,2017,24259575,23636536
MI-501,2018,25196727,25269959
MI-501,2019,26636844,25195586
MI-502,2015,3449330,5637024
MI-502,2016,3280983,6018132
MI-502,2017,3581890,6291040
MI-502,2018,3702413,6726833
MI-502,2019,4045207,6723024
MI-503,2015,1322357,1994739
MI-503,2016,1320280,2022060
MI-503,2017,1137477,2273634
MI-503,2018,1180474,2431574
MI-503,2019,1203265,2401508
MI-504,2015,5177328,4010973
MI-504,2016,5638464,4257050
MI-504,2017,5638464,4401461
MI-504,2018,5864111,4706147
MI-504,2019,6080995,4634081
MI-505,2015,2399031,3582045
MI-505,2016,2186670,3867415
MI-505,2017,2105600,4016923
MI-505,2018,2008079,4294516
MI-505,2019,1852934,4178662
MI-506,2015,5058368,3555797
MI-506,2016,5351772,3765587
MI-506,2017,5350900,3854691
MI-506,2018,5517588,4121181
MI-506,2019,6131861,4184043
MI-507,2015,1834356,1334907
MI-507,2016,1722824,1407358
MI-507,2017,1678449,1428360
MI-507,2018,1644924,1531060
MI-507,2019,1623334,1503216
MI-508,2015,2187612,1553129
MI-508,2016,2500986,1660261
MI-508,2017,2476529,1713547
MI-508,2018,2427581,1839168
MI-508,2019,2478509,1827890
MI-509,2015,5050887,1233622
MI-509,2016,5566885,1338727
MI-509,2017,5566884,1399994
MI-509,2018,5588663,1496742
MI-509,2019,5806240,1545792
MI-510,2015,1843373,1620470
MI-510,2016,1806174,1716356
MI-510,2017,1806174,1748169
MI-510,2018,1884846,1853981
MI-510,2019,2039269,1832618
MI-511,2015,108758,216296
MI-511,2016,108386,226569
MI-511,2017,100799,230098
MI-511,2018,103011,247984
MI-511,2019,103083,250110
MI-512,2015,650311,310500
MI-512,2016,669517,327402
MI-512,2017,655841,345734
MI-512,2018,672325,367470
MI-512,2019,1328607,347290
MI-513,2015,229132,172899
MI-513,2016,141900,190597
MI-513,2017,131967,196036
MI-513,2018,124049,211170
MI-513,2019,125785,212897
MI-514,2015,364610,462452
MI-514,2016,312799,481768
MI-514,2017,290903,494452
MI-514,2018,297131,525248
MI-514,2019,288659,530382
MI-515,2015,162878,295298
MI-515,2016,139126,320990
MI-515,2017,129387,336662
MI-515,2018,131448,362513
MI-515,2019,125684,349335
MI-516,2015,527006,523686
MI-516,2016,562063,565051
MI-516,2017,555032,591071
MI-516,2018,554978,626365
MI-516,2019,577871,607251
MI-517,2015,869318,502555
MI-517,2016,879670,531783
MI-517,2017,818093,541869
MI-517,2018,822159,579838
MI-517,2019,824043,555336
MI-518,2015,230611,205969
MI-518,2016,212627,212606
MI-518,2017,212627,214121
MI-518,2018,224593,231239
MI-518,2019,232273,237005
MI-519,2015,978707,456841
MI-519,2016,987803,502917
MI-519,2017,987803,529419
MI-519,2018,1017251,536174
MI-519,2019,1129896,542194
MI-523,2015,741433,162817
MI-523,2016,872920,170772
MI-523,2017,903062,177240
MI-523,2018,900050,193509
MI-523,2019,967000,191025
MN-500,2015,10213070,9188833
MN-500,2016,11802564,9681568
MN-500,2017,11573897,9883287
MN-500,2018,11960459,10566519
MN-500,2019,12709265,10620823
MN-501,2015,6313350,4651827
MN-501,2016,6773514,4923694
MN-501,2017,7217018,5089367
MN-501,2018,6966364,5441329
MN-501,2019,6793228,5331074
MN-502,2015,1980159,1429119
MN-502,2016,1972892,1498805
MN-502,2017,2071465,1538639
MN-502,2018,2134136,1636029
MN-502,2019,2166612,1637872
MN-503,2015,3126007,1971470
MN-503,2016,3662015,2111055
MN-503,2017,3665103,2260470
MN-503,2018,3819588,2418625
MN-503,2019,3753553,2443074
MN-504,2015,435831,247443
MN-504,2016,416059,265307
MN-504,2017,429046,276846
MN-504,2018,431158,316141
MN-504,2019,447383,320058
MN-505,2015,1325789,1219728
MN-505,2016,1357329,1296109
MN-505,2017,1365513,1342565
MN-505,2018,1348207,1437047
MN-505,2019,1549831,1437904
MN-506,2015,670555,412304
MN-506,2016,652918,424065
MN-506,2017,652918,436540
MN-506,2018,672592,461530
MN-506,2019,715845,455631
MN-508,2015,800339,458113
MN-508,2016,838859,475548
MN-508,2017,798835,500765
MN-508,2018,801583,532546
MN-508,2019,839395,520013
MN-509,2015,3125991,2723365
MN-509,2016,3059038,2903756
MN-509,2017,2953596,2999126
MN-509,2018,2963567,3206383
MN-509,2019,3181358,3146683
MN-511,2015,932031,666778
MN-511,2016,956062,688769
MN-511,2017,956062,710828
MN-511,2018,969625,757861
MN-511,2019,1077534,741286
MO-500,2015,1636913,3249509
MO-500,2016,1977191,3621671
MO-500,2017,1838788,3838907
MO-500,2018,1928309,4104249
MO-500,2019,1929953,4173034
MO-501,2015,10309830,11229730
MO-501,2016,10973619,11861551
MO-501,2017,11051238,12143827
MO-501,2018,11487718,12983036
MO-501,2019,12104511,13043904
MO-503,2015,273602,424806
MO-503,2016,279482,461495
MO-503,2017,273602,486504
MO-503,2018,334324,526429
MO-503,2019,373882,531360
MO-600,2015,947138,611175
MO-600,2016,885539,662622
MO-600,2017,923106,689131
MO-600,2018,950006,745029
MO-600,2019,1045226,756118
MO-602,2015,596637,371398
MO-602,2016,533918,376281
MO-602,2017,533918,381045
MO-602,2018,560852,392583
MO-602,2019,609142,382756
MO-603,2015,1196401,968675
MO-603,2016,1221712,1053599
MO-603,2017,1221712,1098872
MO-603,2018,1239738,1176757
MO-603,2019,1393131,1229578
MO-604,2015,10452874,5543706
MO-604,2016,12988559,7337358
MO-604,2017,12627646,7494130
MO-604,2018,13302621,8024793
MO-604,2019,13142804,7918200
MO-606,2015,4734312,4832923
MO-606,2016,4618103,5090879
MO-606,2017,4862407,5323742
MO-606,2018,4978996,5617675
MO-606,2019,4779809,5632860
MP-500,2017,0,437827
MP-500,2019,0,466107
MS-500,2015,1518766,1859407
MS-500,2016,1320188,1968942
MS-500,2017,1257665,2030479
MS-500,2018,1275023,2163249
MS-500,2019,1368126,2144904
MS-501,2015,3226170,4584403
MS-501,2016,2973629,4943636
MS-501,2017,2873672,5118993
MS-501,2018,2804711,5495656
MS-501,2019,2750174,5402850
MS-503,2015,715967,886290
MS-503,2016,737401,938438
MS-503,2017,784323,985011
MS-503,2018,805392,1043444
MS-503,2019,799342,1041683
MT-500,2015,2701734,1912204
MT-500,2016,2332717,1997290
MT-500,2017,2464570,2082245
MT-500,2018,2434677,2227900
MT-500,2019,2608739,2213493
NC-500,2015,1896356,1459831
NC-500,2016,1847338,1581510
NC-500,2017,1841471,1671713
NC-500,2018,1956291,1792751
NC-500,2019,2168503,1808728
NC-501,2015,1196396,489905
NC-501,2016,1170932,536845
NC-501,2017,1170932,550821
NC-501,2018,1254274,590435
NC-501,2019,1238651,599854
NC-502,2015,1125456,1252158
NC-502,2016,1284867,1359793
NC-502,2017,1208231,1431830
NC-502,2018,1247410,1526985
NC-502,2019,1415325,1520756
NC-503,2015,6815972,9803384
NC-503,2016,7888001,10511445
NC-503,2017,8267704,10912813
NC-503,2018,8388382,11659367
NC-503,2019,8583575,11648394
NC-504,2015,1798751,1678323
NC-504,2016,1857780,1796626
NC-504,2017,1950669,1928084
NC-504,2018,1702789,2069578
NC-504,2019,2127921,2039879
NC-505,2015,3805494,3523396
NC-505,2016,3540799,3903529
NC-505,2017,3542090,4237466
NC-505,2018,3685454,4530473
NC-505,2019,3953290,4597945
NC-506,2015,759439,598143
NC-506,2016,648502,656768
NC-506,2017,648502,700907
NC-506,2018,656683,755906
NC-506,2019,672648,774924
NC-507,2015,2739016,2955605
NC-507,2016,2870762,3286615
NC-507,2017,3133932,3485163
NC-507,2018,3247452,3726138
NC-507,2019,3334815,3920536
NC-509,2015,818631,727777
NC-509,2016,811958,779491
NC-509,2017,811117,797861
NC-509,2018,779167,873006
NC-509,2019,777535,882363
NC-511,2015,806572,525697
NC-511,2016,698580,551341
NC-511,2017,698580,565252
NC-511,2018,703508,604789
NC-511,2019,703004,602649
NC-513,2015,568053,239315
NC-513,2016,608299,259317
NC-513,2017,638714,261958
NC-513,2018,664478,269936
NC-513,2019,680285,266545
NC-516,2015,270648,476011
NC-516,2016,273671,505452
NC-516,2017,273671,542714
NC-516,2018,273671,571920
NC-516,2019,338633,567859
ND-500,2015,2143947,1244984
ND-500,2016,1983324,1310498
ND-500,2017,1844491,1359665
ND-500,2018,1761303,1454775
ND-500,2019,1823945,1469707
NE-500,2015,1916473,2256651
NE-500,2016,1955886,2375460
NE-500,2017,1955886,2416222
NE-500,2018,1989734,2581208
NE-500,2019,1965426,2563508
NE-501,2015,3740348,3559703
NE-501,2016,4112048,3750326
NE-501,2017,4109437,3877367
NE-501,2018,4543509,4154496
NE-501,2019,4556397,4251333
NE-502,2015,1924873,1124733
NE-502,2016,2172929,1165368
NE-502,2017,2191955,1281877
NE-502,2018,2256141,1370462
NE-502,2019,2304944,1342023
NH-500,2015,3449822,2121004
NH-500,2016,3452510,2257819
NH-500,2017,3625136,2338483
NH-500,2018,3751496,2509441
NH-500,2019,4081308,2513546
NH-501,2015,1268410,1117198
NH-501,2016,1499846,1218239
NH-501,2017,1499846,1251117
NH-501,2018,1479307,1337576
NH-501,2019,1499438,1343582
NH-502,2015,1846344,284892
NH-502,2016,1814588,300921
NH-502,2017,1814588,322071
NH-502,2018,1814588,337190
NH-502,2019,1882236,334859
NJ-500,2015,506980,539147
NJ-500,2016,503032,549605
NJ-500,2017,503028,602333
NJ-500,2018,555007,644465
NJ-500,2019,522091,669192
NJ-501,2015,3914869,5554142
NJ-501,2016,4609993,5928702
NJ-501,2017,4609993,6099615
NJ-501,2018,4869363,6521133
NJ-501,2019,5167909,6667204
NJ-502,2015,578628,314554
NJ-502,2016,514068,324360
NJ-502,2017,478083,327409
NJ-502,2018,511508,350310
NJ-502,2019,504223,388481
NJ-503,2015,3410103,4039749
NJ-503,2016,3327477,4329183
NJ-503,2017,3480031,4513336
NJ-503,2018,3451535,4832999
NJ-503,2019,3558094,4854782
NJ-504,2015,5268587,8284540
NJ-504,2016,6570781,8876947
NJ-504,2017,6646634,9164139
NJ-504,2018,6035911,9798154
NJ-504,2019,5724940,10017755
NJ-506,2015,4532972,6865847
NJ-506,2016,6160139,6775643
NJ-506,2017,6015946,6968930
NJ-506,2018,6564223,7451130
NJ-506,2019,6967659,7395792
NJ-507,2015,1969652,1766893
NJ-507,2016,2804020,1924266
NJ-507,2017,2891851,2005869
NJ-507,2018,3028900,2145147
NJ-507,2019,3013036,2195634
NJ-508,2015,3264949,1853186
NJ-508,2016,3111112,1899049
NJ-508,2017,3248865,1974820
NJ-508,2018,3444831,2111556
NJ-508,2019,3514252,2133362
NJ-509,2015,1750367,1205135
NJ-509,2016,1703815,1293234
NJ-509,2017,1729389,1371174
NJ-509,2018,1721613,1465976
NJ-509,2019,1887565,1481262
NJ-510,2015,492410,1180260
NJ-510,2016,427371,1249262
NJ-510,2017,589737,1275867
NJ-510,2018,574359,1364474
NJ-510,2019,572175,1418874
NJ-511,2015,3699848,3138929
NJ-511,2016,3971236,3274589
NJ-511,2017,3971236,3245404
NJ-511,2018,4137117,3470108
NJ-511,2019,4433770,3201106
NJ-512,2015,144160,171678
NJ-512,2016,144160,184980
NJ-512,2017,134069,197467
NJ-512,2018,135510,212365
NJ-512,2019,127379,208890
NJ-513,2015,402656,286955
NJ-513,2016,385381,317495
NJ-513,2017,404650,331034
NJ-513,2018,412830,354188
NJ-513,2019,385708,356208
NJ-514,2015,3353322,2133399
NJ-514,2016,3553573,2219659
NJ-514,2017,3731252,2234644
NJ-514,2018,3884113,2385516
NJ-514,2019,4216090,2513398
NJ-515,2015,4449642,4408064
NJ-515,2016,4354444,4742668
NJ-515,2017,4456445,4716113
NJ-515,2018,4668228,5042138
NJ-515,2019,4170723,4740594
NJ-516,2015,1116573,682254
NJ-516,2016,1189112,752861
NJ-516,2017,1189112,781499
NJ-516,2018,1174640,832376
NJ-516,2019,1218262,837991
NM-500,2015,5092874,2637264
NM-500,2016,5528584,2796071
NM-500,2017,5628584,2929502
NM-500,2018,5432713,3131948
NM-500,2019,5409952,3268652
NM-501,2015,4356940,2763319
NM-501,2016,4796206,3276795
NM-501,2017,4940626,3446248
NM-501,2018,4986165,3687311
NM-501,2019,5258539,3631229
NV-500,2015,12421218,8892355
NV-500,2016,13097155,9960160
NV-500,2017,13095242,10413002
NV-500,2018,13204268,11132892
NV-500,2019,13840004,11293232
NV-501,2015,1593622,1502211
NV-501,2016,1575172,1710408
NV-501,2017,1651750,1779563
NV-501,2018,1654208,1882238
NV-501,2019,1625336,1940680
NV-502,2015,641648,576271
NV-502,2016,590149,611588
NV-502,2017,574995,627803
NV-502,2018,539475,583329
NV-502,2019,665216,111208
NY-500,2015,11662585,6785056
NY-500,2016,11043669,7179294
NY-500,2017,11522645,7375300
NY-500,2018,12080024,7885259
NY-500,2019,12149041,7602108
NY-501,2015,1482865,1169480
NY-501,2016,1482865,1204260
NY-501,2017,1482865,1260856
NY-501,2018,1519897,1355182
NY-501,2019,1663858,1365917
NY-502,2015,294943,358017
NY-503,2015,4423358,2494282
NY-503,2016,4908071,2625689
NY-503,2017,5006829,2681159
NY-503,2018,4935437,2865164
NY-503,2019,5416644,2908554
NY-504,2015,406172,292170
NY-504,2016,343254,306381
NY-504,2017,319226,316477
NY-504,2018,318746,332428
NY-504,2019,265179,344020
NY-505,2015,8762081,4828163
NY-505,2016,8276132,5437911
NY-505,2017,8590511,5595880
NY-505,2018,8475964,5993127
NY-505,2019,9218019,5994636
NY-507,2015,3328436,1561503
NY-507,2016,3767965,1652485
NY-507,2017,3862164,1720947
NY-507,2018,3859980,1845912
NY-507,2019,3939164,1825298
NY-508,2015,10212353,14311369
NY-508,2016,10871209,15079258
NY-508,2017,11313196,15576226
NY-508,2018,11655799,16662417
NY-508,2019,11707490,16614588
NY-510,2015,236206,371425
NY-510,2016,200775,375412
NY-510,2017,185795,389076
NY-510,2018,209140,414044
NY-510,2019,204846,402755
NY-511,2015,1606909,2486421
NY-511,2016,1488791,2695904
NY-511,2017,1526340,2793565
NY-511,2018,1591655,2988684
NY-511,2019,1599683,3018756
NY-512,2015,3041965,1358822
NY-512,2016,3119336,1434673
NY-512,2017,3198646,1492205
NY-512,2018,3219814,1598866
NY-512,2019,3433031,1570895
NY-513,2015,241291,772850
NY-513,2016,291707,767585
NY-513,2017,291662,788698
NY-513,2018,303702,851901
NY-513,2019,305840,867062
NY-514,2015,248087,688283
NY-514,2016,210878,725430
NY-514,2017,196117,748691
NY-514,2018,201899,799802
NY-514,2019,199474,787166
NY-516,2015,173134,260595
NY-516,2016,146329,260692
NY-516,2017,136086,264509
NY-516,2018,146634,282886
NY-516,2019,138546,290552
NY-518,2015,3387693,2244811
NY-518,2016,3019729,2363910
NY-518,2017,3019729,2471807
NY-518,2018,3200761,2644413
NY-518,2019,3152035,2693006
NY-519,2015,455666,343640
NY-519,2016,437789,362416
NY-519,2017,437789,371363
NY-519,2018,450819,390558
NY-519,2019,450819,396590
NY-520,2015,51601,347307
NY-520,2016,78804,337722
NY-520,2017,78804,349005
NY-520,2018,80261,366918
NY-520,2019,79733,368927
NY-522,2015,1227155,981234
NY-522,2016,1230227,1010078
NY-522,2017,1260982,1067601
NY-522,2018,1253146,1127314
NY-522,2019,1256743,874365
NY-523,2015,1326021,915525
NY-523,2016,1534955,942235
NY-523,2017,1534955,953895
NY-523,2018,1529015,1037930
NY-523,2019,1676117,1048157
NY-525,2019,0,1098575
NY-600,2015,107080256,10270049
NY-600,2016,104485257,109711721
NY-600,2017,101795872,113335025
NY-600,2018,106447473,121167367
NY-600,2019,119643563,122010346
NY-601,2015,1310538,550801
NY-601,2016,1299245,568964
NY-601,2017,1299245,574992
NY-601,2018,1297157,615211
NY-601,2019,1334693,607705
NY-602,2015,2583317,685691
NY-602,2016,2714912,739826
NY-602,2017,2662004,785132
NY-602,2018,2549566,840049
NY-602,2019,2632451,1636853
NY-603,2015,11976136,12085403
NY-603,2016,10093402,12929849
NY-603,2017,10224753,13702401
NY-603,2018,11808209,14649691
NY-603,2019,12716632,13798658
NY-604,2015,16572093,6335806
NY-604,2016,15877082,5358389
NY-604,2017,15877082,5570257
NY-604,2018,17867544,5975731
NY-604,2019,18656370,5956116
NY-606,2015,661201,1379219
NY-606,2016,686899,1486529
NY-606,2017,686899,1552691
NY-606,2018,803640,1659991
NY-606,2019,852336,1175325
NY-607,2015,438066,320518
NY-607,2016,394588,307299
NY-607,2017,366967,325611
NY-607,2018,303643,326923
NY-607,2019,281080,320582
NY-608,2015,1212133,617125
NY-608,2016,1132736,634101
NY-608,2017,1132736,623922
NY-608,2018,1138244,649642
NY-608,2019,1201623,684192
OH-500,2015,16015269,9392800
OH-500,2016,16376365,9977073
OH-500,2017,16580906,10290421
OH-500,2018,16824886,11001549
OH-500,2019,20516188,10903098
OH-501,2015,4326103,4849025
OH-501,2016,4122186,5143966
OH-501,2017,4025860,5339536
OH-501,2018,4143741,5711115
OH-501,2019,4070395,5716802
OH-502,2015,25352999,17992463
OH-502,2016,26697332,19063374
OH-502,2017,26697332,19731977
OH-502,2018,27022106,21096539
OH-502,2019,27762915,21077839
OH-503,2015,10896951,5740754
OH-503,2016,11452649,5999062
OH-503,2017,11516849,6251713
OH-503,2018,11469253,6683743
OH-503,2019,13179482,6597722
OH-504,2015,2113522,2478554
OH-504,2016,1626837,2625797
OH-504,2017,1683905,2698422
OH-504,2018,1784205,2879600
OH-504,2019,1866583,2885688
OH-505,2015,8103403,4696606
OH-505,2016,8475894,5034427
OH-505,2017,9042419,5265100
OH-505,2018,9204284,5629063
OH-505,2019,10052718,5753014
OH-506,2015,4405305,4358401
OH-506,2016,4498806,4630874
OH-506,2017,4554827,4761787
OH-506,2018,4575345,5091346
OH-506,2019,4675955,5051153
OH-507,2015,15831743,14378921
OH-507,2016,15304725,15308382
OH-507,2017,15832855,15869757
OH-507,2018,16404500,16981872
OH-507,2019,20190131,16932282
OH-508,2015,2321712,2195951
OH-508,2016,2606681,2331675
OH-508,2017,2662997,2427390
OH-508,2018,2942080,2595679
OH-508,2019,2877067,2585531
OK-500,2015,311475,558642
OK-500,2016,316541,573824
OK-500,2017,269491,613397
OK-500,2018,257918,657622
OK-500,2019,247395,660525
OK-501,2015,2838790,2485662
OK-501,2016,2712652,2588720
OK-501,2017,2530853,2674662
OK-501,2018,3466756,2859778
OK-501,2019,2728209,2820843
OK-502,2015,3175109,2942365
OK-502,2016,3507094,3132009
OK-502,2017,3507138,3289219
OK-502,2018,3558289,3516523
OK-502,2019,3689899,3592152
OK-503,2015,672195,955632
OK-503,2016,589828,997457
OK-503,2017,558965,1035886
OK-503,2018,567890,1104272
OK-503,2019,587009,1091935
OK-504,2015,348554,292894
OK-504,2016,400502,325950
OK-504,2017,396343,333677
OK-504,2018,402933,357904
OK-504,2019,494335,354866
OK-505,2015,336612,702498
OK-505,2016,343114,715011
OK-505,2017,343114,728813
OK-505,2018,352044,791537
OK-505,2019,359010,798631
OK-506,2015,113714,651148
OK-506,2016,116234,671215
OK-506,2017,108098,694261
OK-506,2018,117578,695492
OK-506,2019,120854,685564
OK-507,2015,124512,863526
OK-507,2016,123186,902424
OK-507,2017,114563,924063
OK-507,2018,116835,984128
OK-507,2019,119955,977271
OR-500,2015,2725129,623077
OR-500,2016,3279456,675071
OR-500,2017,3279447,713484
OR-500,2018,3363526,768403
OR-500,2019,3507606,769135
OR-501,2015,15314498,5645016
OR-501,2016,18659034,5968903
OR-501,2017,21090067,6163245
OR-501,2018,22269997,6589429
OR-501,2019,23616254,6656376
OR-502,2015,319469,368006
OR-502,2016,271902,408071
OR-502,2017,252869,428367
OR-502,2018,244882,458101
OR-502,2019,233310,475631
OR-503,2015,544337,303992
OR-503,2016,553505,341353
OR-503,2017,581180,362961
OR-503,2018,596396,388283
OR-503,2019,647600,397852
OR-505,2015,3125254,2968046
OR-505,2016,2987686,3184282
OR-505,2017,3039212,3328390
OR-505,2018,3065532,3556445
OR-505,2019,3127226,3547061
OR-506,2015,2728665,1552157
OR-506,2016,2937427,1657097
OR-506,2017,3279139,1735109
OR-506,2018,3369507,1855306
OR-506,2019,3752858,1967055
OR-507,2015,1696138,1369006
OR-507,2016,2036506,1448959
OR-507,2017,2233474,1521787
OR-507,2018,2353017,1626951
OR-507,2019,2631284,1633830
PA-500,2015,31091428,26459227
PA-500,2016,32631711,28301261
PA-500,2017,32665825,29238068
PA-500,2018,32693718,31258589
PA-500,2019,33893460,31195991
PA-501,2015,1567631,1629469
PA-501,2016,1597865,1695973
PA-501,2017,1635436,1743566
PA-501,2018,1671218,1864343
PA-501,2019,1779727,1818474
PA-502,2015,4545572,3677268
PA-502,2016,4991996,3920827
PA-502,2017,4991996,4071693
PA-502,2018,4887497,4353501
PA-502,2019,5017068,4374063
PA-503,2015,3837881,3829354
PA-503,2016,3880107,4020448
PA-503,2017,3796781,4113174
PA-503,2018,4021709,4397567
PA-503,2019,4129753,4338121
PA-504,2015,2566181,2592064
PA-504,2016,2886837,2782130
PA-504,2017,2886837,2874025
PA-504,2018,2888253,3073192
PA-504,2019,3132415,3107501
PA-505,2015,1552316,1505776
PA-505,2016,1623354,1646718
PA-505,2017,1623354,1721758
PA-505,2018,1626834,1840742
PA-505,2019,1688042,1877125
PA-506,2015,2734084,3088918
PA-506,2016,2768821,3268465
PA-506,2017,2730814,3371646
PA-506,2018,2762261,3604647
PA-506,2019,2825385,3588574
PA-508,2015,2583634,2104705
PA-508,2016,2510806,2217163
PA-508,2017,2510806,2260504
PA-508,2018,2683752,2411029
PA-508,2019,2826479,2401918
PA-509,2015,9527997,10248951
PA-509,2016,10514395,10933686
PA-509,2017,10898916,11369093
PA-509,2018,11427945,12189442
PA-509,2019,12161105,12028814
PA-510,2015,2034100,2826910
PA-510,2016,2198848,3037863
PA-510,2017,2226290,3167399
PA-510,2018,2296691,3386284
PA-510,2019,2077255,3329144
PA-511,2015,885086,1384950
PA-511,2016,1118627,1439215
PA-511,2017,1152631,1507108
PA-511,2018,1157695,1611438
PA-511,2019,1245611,1760476
PA-512,2015,991967,1650278
PA-512,2016,1135337,1763379
PA-512,2017,1184032,1827385
PA-512,2018,1223485,1953959
PA-512,2019,1312086,1963119
PA-600,2015,16177008,17665471
PA-600,2016,16994468,18764729
PA-600,2017,17224974,19464083
PA-600,2018,17608688,20809528
PA-600,2019,19365923,20733830
PA-601,2015,8064056,8030756
PA-601,2016,8613384,8269245
PA-601,2017,8796824,8543945
PA-601,2018,9234835,8948560
PA-601,2019,9625471,9066346
PA-603,2015,1561462,1982556
PA-603,2016,1475518,2108132
PA-603,2017,1284496,2218273
PA-603,2018,1283884,2371569
PA-603,2019,1407225,2370228
PA-605,2015,2387330,2249163
PA-605,2016,2128578,2379194
PA-605,2017,2195814,2477278
PA-605,2018,2241312,2643688
PA-605,2019,2181765,2662426
PR-502,2015,13803130,13066145
PR-502,2016,12939815,13299368
PR-502,2017,12658322,13266176
PR-502,2018,13097961,14210809
PR-502,2019,12981645,13696036
PR-503,2015,6890750,12780064
PR-503,2016,5503674,12736672
PR-503,2017,5590093,12417788
PR-503,2018,5515253,13488756
PR-503,2019,5614441,12620021
RI-500,2015,5219578,7291054
RI-500,2016,5592243,7685538
RI-500,2017,5870888,7830444
RI-500,2018,6023109,8373315
RI-500,2019,6911769,8251675
SC-500,2015,1653568,2219644
SC-500,2016,1650928,2288931
SC-500,2017,1650928,2467486
SC-500,2018,1705708,2629571
SC-500,2019,1874085,2596854
SC-501,2015,3737478,3828129
SC-501,2016,3679737,4086439
SC-501,2017,2866081,4287128
SC-501,2018,2805246,4592166
SC-501,2019,3025950,4615405
SC-502,2015,2886088,2427097
SC-502,2016,2719956,2551899
SC-502,2017,2897909,2660673
SC-502,2018,3101397,2746827
SC-502,2019,3036104,3578900
SC-503,2015,1489094,2863517
SC-503,2016,1758130,3029063
SC-503,2017,1827250,3043563
SC-503,2018,1946301,3333732
SC-503,2019,2422889,3082777
SD-500,2015,1254399,1625647
SD-500,2016,1196008,1702884
SD-500,2017,1213008,1762782
SD-500,2018,1292442,1886077
SD-500,2019,1259941,1919565
TN-500,2015,2904250,1985597
TN-500,2016,2577519,2109625
TN-500,2017,2512136,2185962
TN-500,2018,2550503,2332732
TN-500,2019,2480262,2225188
TN-501,2015,6827685,4615782
TN-501,2016,6511602,4811744
TN-501,2017,6511603,4901156
TN-501,2018,6557779,5240112
TN-501,2019,6576745,5149998
TN-502,2015,1380353,1179031
TN-502,2016,1401099,1246167
TN-502,2017,1390506,1283665
TN-502,2018,1390722,1372614
TN-502,2019,1412759,1501972
TN-503,2015,1867720,1670275
TN-503,2016,1763533,1788364
TN-503,2017,1763168,1893753
TN-503,2018,1783153,2028142
TN-503,2019,1809215,1994746
TN-504,2015,3490911,3100546
TN-504,2016,3253583,3352887
TN-504,2017,3045309,3435001
TN-504,2018,3107210,3672380
TN-504,2019,3537088,3734279
TN-506,2015,746237,987013
TN-506,2016,749772,1028021
TN-506,2017,749772,1090037
TN-506,2018,713437,1154586
TN-506,2019,716095,1149617
TN-507,2015,1640133,1307299
TN-507,2016,1467666,1348077
TN-507,2017,1502715,1395641
TN-507,2018,1467428,1465726
TN-507,2019,1635655,1478237
TN-509,2015,1553449,999661
TN-509,2016,1484305,1049291
TN-509,2017,1484305,1093911
TN-509,2018,1496330,1158975
TN-509,2019,1645393,1169359
TN-510,2015,608808,407046
TN-510,2016,554745,430098
TN-510,2017,525674,442584
TN-510,2018,616756,487236
TN-510,2019,618021,490054
TN-512,2015,376900,1169770
TN-512,2016,481136,1225816
TN-512,2017,481136,1283692
TN-512,2018,485154,1413595
TN-512,2019,496317,1407249
TX-500,2015,7778385,9148679
TX-500,2016,8054854,9957968
TX-500,2017,8355718,10275247
TX-500,2018,8867223,10985326
TX-500,2019,9399583,11089218
TX-503,2015,5542258,5006789
TX-503,2016,5521027,5483730
TX-503,2017,5521027,5729337
TX-503,2018,5763762,6125577
TX-503,2019,9194727,6180904
TX-600,2015,16889355,14588072
TX-600,2016,16122196,15765226
TX-600,2017,15497863,16389776
TX-600,2018,15725259,17537363
TX-600,2019,16036168,17785373
TX-601,2015,11231625,8235310
TX-601,2016,11091231,8958134
TX-601,2017,11196995,9380358
TX-601,2018,11923476,10035873
TX-601,2019,12948740,10282149
TX-603,2015,3062544,4970623
TX-603,2016,2611296,5087405
TX-603,2017,2611294,5105463
TX-603,2018,2474084,5471440
TX-603,2019,2934381,5158662
TX-604,2015,1088991,1407156
TX-604,2016,936535,1466678
TX-604,2017,944312,1545973
TX-604,2018,964841,1664116
TX-604,2019,993384,1586589
TX-607,2015,7574506,34716507
TX-607,2016,4477481,36406860
TX-607,2017,5460040,35775907
TX-607,2018,5854328,38074522
TX-607,2019,6270551,37682958
TX-611,2015,772766,1010708
TX-611,2016,690955,1034990
TX-611,2017,595303,1099725
TX-611,2018,603751,1175723
TX-611,2019,557566,1166735
TX-624,2015,357073,894012
TX-624,2016,324611,942161
TX-624,2017,301888,1006559
TX-624,2018,306206,1089706
TX-624,2019,312823,1079926
TX-700,2015,26098976,26193244
TX-700,2016,31431551,29700065
TX-700,2017,34396386,31075334
TX-700,2018,33158643,33223246
TX-700,2019,37161187,32932741
TX-701,2015,302566,771720
TX-701,2016,310636,810955
TX-701,2017,288891,845535
TX-701,2018,285591,898706
TX-701,2019,298095,867501
UT-500,2015,6514485,4431127
UT-500,2016,6983748,4715741
UT-500,2017,7082121,4931272
UT-500,2018,7146067,5272680
UT-500,2019,7673145,5230325
UT-503,2015,1297235,1777878
UT-503,2016,1797314,1998649
UT-503,2017,1759468,2087639
UT-503,2018,1792391,2237442
UT-503,2019,1822265,2286881
UT-504,2015,1108601,1476465
UT-504,2016,890014,1551552
UT-504,2017,1009783,1576416
UT-504,2018,1059020,1682150
UT-504,2019,1147953,1602168
VA-500,2015,4397668,4310858
VA-500,2016,4336834,4621817
VA-500,2017,4386836,4719494
VA-500,2018,4495669,5048643
VA-500,2019,4602701,5043590
VA-501,2015,4008974,3055732
VA-501,2016,3789988,3286679
VA-501,2017,3789988,3425984
VA-501,2018,3770092,3653877
VA-501,2019,3756604,3706633
VA-502,2015,806865,1257616
VA-502,2016,814732,1350014
VA-502,2017,794691,1392879
VA-502,2018,796377,1507832
VA-502,2019,845410,1546521
VA-503,2015,1481073,1185108
VA-503,2016,1557769,1260315
VA-503,2017,1548219,1339353
VA-503,2018,1642276,1431910
VA-503,2019,1808963,1466347
VA-504,2015,327108,321446
VA-504,2016,363888,326047
VA-504,2017,359102,344052
VA-504,2018,356702,365622
VA-504,2019,369350,372113
VA-505,2015,1915780,1183431
VA-505,2016,1958462,1288446
VA-505,2017,1958462,1343028
VA-505,2018,1955738,1443050
VA-505,2019,1955738,1412011
VA-507,2015,1284400,953485
VA-507,2016,1169791,1005888
VA-507,2017,1169791,1052498
VA-507,2018,1168615,1125232
VA-507,2019,1165879,1141131
VA-508,2015,383287,400477
VA-508,2016,327387,425120
VA-508,2017,348313,425492
VA-508,2018,357393,451544
VA-508,2019,358375,444461
VA-513,2015,402114,591570
VA-513,2016,596664,635505
VA-513,2017,342288,651944
VA-513,2018,362880,687290
VA-513,2019,350712,705381
VA-514,2015,238072,328436
VA-514,2016,263229,350056
VA-514,2017,263229,375779
VA-514,2018,298606,399000
VA-514,2019,308411,403618
VA-521,2015,599175,3175685
VA-521,2016,712754,3318350
VA-521,2017,792394,3435443
VA-521,2018,814436,3676592
VA-521,2019,941983,3610006
VA-600,2015,1920096,757067
VA-600,2016,2406677,821757
VA-600,2017,2466844,879161
VA-600,2018,2611996,939916
VA-600,2019,2754238,999134
VA-601,2015,7655650,3256299
VA-601,2016,8291071,3532690
VA-601,2017,8291041,3709253
VA-601,2018,8744225,3965584
VA-601,2019,8996856,4085381
VA-602,2015,155000,271753
VA-602,2016,167720,289036
VA-602,2017,167480,306775
VA-602,2018,177752,328233
VA-602,2019,181940,357808
VA-603,2015,744711,179942
VA-603,2016,784657,198224
VA-603,2017,784657,222653
VA-603,2018,826462,238226
VA-603,2019,843038,252569
VA-604,2015,593264,1406893
VA-604,2016,527157,1539537
VA-604,2017,527157,1624166
VA-604,2018,552650,1736405
VA-604,2019,669422,1835613
VI-500,2015,133218,807252
VI-500,2016,115754,853915
VI-500,2017,107651,885895
VI-500,2018,108794,939482
VI-500,2019,164698,956668
VT-500,2015,2727529,1378892
VT-500,2016,3178168,1459780
VT-500,2017,3239692,1512583
VT-500,2018,3364072,1624107
VT-500,2019,3568157,1579906
VT-501,2015,986961,409702
VT-501,2016,1007110,426977
VT-501,2017,1112962,438680
VT-501,2018,1140058,463652
VT-501,2019,1090140,476958
WA-500,2015,31015412,9688597
WA-500,2016,33453479,10227460
WA-500,2017,33724189,10510019
WA-500,2018,34110453,11237333
WA-500,2019,42997915,10732252
WA-501,2015,5860855,3957813
WA-501,2016,6049089,4186034
WA-501,2017,6208453,4410677
WA-501,2018,6904013,5446773
WA-501,2019,7841945,5528856
WA-502,2015,3483114,2365483
WA-502,2016,3718054,2534640
WA-502,2017,3671717,2635939
WA-502,2018,3675649,2818422
WA-502,2019,3668195,2388516
WA-503,2015,3169218,3335888
WA-503,2016,3349070,3558716
WA-503,2017,3196787,3797096
WA-503,2018,3222870,4059606
WA-503,2019,3342656,4133228
WA-504,2015,6285150,1956952
WA-504,2016,7638851,2225046
WA-504,2017,7638851,2370053
WA-504,2018,7823734,2534101
WA-504,2019,9477702,2579547
WA-507,2015,617986,594467
WA-507,2016,576063,641918
WA-507,2017,586667,680018
WA-508,2015,1220717,641167
WA-508,2016,1566909,689879
WA-508,2017,1691381,719506
WA-508,2018,1931121,769834
WA-508,2019,1899661,750977
WI-500,2015,7557643,8370362
WI-500,2016,8521973,8852861
WI-500,2017,8521969,9189030
WI-500,2018,8739231,9831514
WI-500,2019,10070318,9722765
WI-501,2015,10555244,10950397
WI-501,2016,10080579,11652511
WI-501,2017,10104368,11932798
WI-501,2018,10281986,12758231
WI-501,2019,10258562,12634378
WI-502,2015,1154679,1311509
WI-502,2016,896491,1433406
WI-502,2017,831676,1507947
WI-502,2018,890498,1612577
WI-502,2019,929486,1580407
WI-503,2015,3151537,1404850
WI-503,2016,3150439,1474976
WI-503,2017,3064653,1556221
WI-503,2018,3129707,1663997
WI-503,2019,3569545,1681480
WV-500,2015,429967,596908
WV-500,2016,394225,631896
WV-500,2017,394225,640611
WV-500,2018,403829,679038
WV-500,2019,403829,664237
WV-501,2015,1864873,1208211
WV-501,2016,2071800,1273741
WV-501,2017,2250761,1352110
WV-501,2018,2366017,1440735
WV-501,2019,2581428,1464255
WV-503,2015,1336202,1280124
WV-503,2016,1183794,1338363
WV-503,2017,1183759,1391676
WV-503,2018,1135690,1490038
WV-503,2019,1291741,1510855
WV-508,2015,3610109,2914479
WV-508,2016,3905253,3068972
WV-508,2017,3901673,3128978
WV-508,2018,4210305,3357283
WV-508,2019,4249601,3344641
WY-500,2015,316902,842440
WY-500,2016,273566,923637
WY-500,2017,263902,952375
WY-500,2018,264399,1018988
WY-500,2019,258220,1023161
