year,coc_number,caa_coc_award_amount
2018,NY-500,12149041
2018,NY-501,1663858
2018,NY-503,5515353
2018,NV-500,13840004
2018,NV-501,1614116
2018,NV-502,581052
2018,NY-508,11707490
2018,NY-510,203613
2018,NY-511,1599683
2018,NY-504,265179
2018,NY-505,9218019
2018,NY-507,3939164
2018,NJ-510,572175
2018,NJ-511,4433770
2018,NJ-512,132928
2018,NJ-507,3013036
2018,NJ-508,3514252
2018,NJ-509,1887565
2018,NJ-516,1218262
2018,NM-500,5409952
2018,NM-501,5465369
2018,NJ-513,385708
2018,NJ-514,4216090
2018,NJ-515,4170723
2018,NY-512,3433031
2018,NY-608,1201623
2018,OH-500,18972085
2018,OH-501,3784007
2018,NY-604,18656370
2018,NY-606,852336
2018,NY-607,285424
2018,OH-505,10052718
2018,OH-506,4683126
2018,OH-507,18607836
2018,OH-502,27762915
2018,OH-503,12419684
2018,OH-504,1832654
2018,NY-518,3152035
2018,NY-519,450819
2018,NY-520,79733
2018,NY-513,305840
2018,NY-514,199474
2018,NY-516,138546
2018,NY-601,1334693
2018,NY-602,2632451
2018,NY-603,12716632
2018,NY-522,1256743
2018,NY-523,1676117
2018,NY-600,116333916
2018,MO-602,609142
2018,MO-603,1393131
2018,MO-604,13142804
2018,MO-501,12104511
2018,MO-503,365982
2018,MO-600,1045226
2018,MS-501,2620666
2018,MS-503,799342
2018,MT-500,2608739
2018,MO-606,4779809
2018,MP-500,14244
2018,MS-500,1368126
2018,MN-502,2166612
2018,MN-503,3753553
2018,MN-504,447383
2018,MI-523,967000
2018,MN-500,12598613
2018,MN-501,6793227
2018,MN-509,3181358
2018,MN-511,1077534
2018,MO-500,1929953
2018,MN-505,1542175
2018,MN-506,715845
2018,MN-508,839395
2018,NC-500,2225764
2018,NH-500,4081308
2018,NH-501,1499438
2018,NH-502,1882236
2018,NE-500,1965426
2018,NE-501,4556397
2018,NE-502,2304944
2018,NJ-503,3558094
2018,NJ-504,6149940
2018,NJ-506,6967659
2018,NJ-500,521875
2018,NJ-501,5167909
2018,NJ-502,500610
2018,NC-504,1839604
2018,NC-505,3953290
2018,NC-506,673584
2018,NC-501,1238651
2018,NC-502,1415325
2018,NC-503,8584177
2018,NC-513,680285
2018,NC-516,338633
2018,ND-500,1823945
2018,NC-507,3339951
2018,NC-509,770787
2018,NC-511,703004
2018,VA-500,4602701
2018,VA-501,3756604
2018,VA-502,845410
2018,UT-500,7673145
2018,UT-503,1754589
2018,UT-504,1147953
2018,VA-507,1165879
2018,VA-508,358375
2018,VA-513,350712
2018,VA-503,1808963
2018,VA-504,369350
2018,VA-505,1955738
2018,TX-600,16036168
2018,TX-601,12948740
2018,TX-603,2934381
2018,TN-512,496317
2018,TX-500,9399583
2018,TX-503,6608658
2018,TX-624,312823
2018,TX-700,37161187
2018,TX-701,298095
2018,TX-604,993384
2018,TX-607,6200551
2018,TX-611,557566
2018,VA-514,308411
2018,WI-500,10070318
2018,WI-501,10258562
2018,WI-502,929486
2018,WA-503,3342656
2018,WA-504,9634176
2018,WA-508,1892077
2018,WV-503,1291741
2018,WV-508,4249601
2018,WY-500,258220
2018,WI-503,3478545
2018,WV-500,403829
2018,WV-501,2581428
2018,VA-602,181940
2018,VA-603,843038
2018,VA-604,669422
2018,VA-521,952640
2018,VA-600,2754238
2018,VA-601,8996856
2018,WA-500,39168105
2018,WA-501,7841945
2018,WA-502,3668195
2018,VI-500,164698
2018,VT-500,3568157
2018,VT-501,1171690
2018,OR-507,2631284
2018,PA-500,33533360
2018,PA-501,1779727
2018,OR-503,647600
2018,OR-505,3127226
2018,OR-506,3752858
2018,PA-505,1688042
2018,PA-506,2825385
2018,PA-508,2826479
2018,PA-502,5017068
2018,PA-503,4129753
2018,PA-504,3132415
2018,OK-502,3796648
2018,OK-503,587009
2018,OK-504,419580
2018,OH-508,2877067
2018,OK-500,247395
2018,OK-501,2728209
2018,OR-500,3507606
2018,OR-501,23616254
2018,OR-502,233210
2018,OK-505,359010
2018,OK-506,120854
2018,OK-507,119955
2018,PA-509,12119045
2018,TN-500,2480262
2018,TN-501,6576745
2018,TN-502,1412759
2018,SC-502,3131252
2018,SC-503,2422889
2018,SD-500,1259941
2018,TN-507,1635655
2018,TN-509,1645393
2018,TN-510,618021
2018,TN-503,1809215
2018,TN-504,3483867
2018,TN-506,716095
2018,PA-600,19782113
2018,PA-601,9625471
2018,PA-603,1407225
2018,PA-510,2198965
2018,PA-511,1245611
2018,PA-512,1312086
2018,RI-500,6909034
2018,SC-500,1874085
2018,SC-501,3025950
2018,PA-605,2181765
2018,PR-502,12981645
2018,PR-503,5125620
2018,DE-500,8017797
2018,FL-501,6136796
2018,FL-502,4010705
2018,CT-503,11159859
2018,CT-505,36525167
2018,DC-500,22096241
2018,FL-506,1385763
2018,FL-507,7829344
2018,FL-508,670363
2018,FL-503,1893571
2018,FL-504,1420440
2018,FL-505,658416
2018,CA-608,9754646
2018,CA-609,9767625
2018,CA-611,2180607
2018,CA-604,5745883
2018,CA-606,8233794
2018,CA-607,3466789
2018,CO-500,2983995
2018,CO-503,26458606
2018,CO-504,2335663
2018,CA-612,2378978
2018,CA-613,165691
2018,CA-614,939693
2018,FL-509,1661189
2018,FL-605,5630604
2018,FL-606,270734
2018,GA-500,7321928
2018,FL-602,250568
2018,FL-603,1760581
2018,FL-604,477526
2018,GA-504,615226
2018,GA-505,1483591
2018,GA-506,2218833
2018,GA-501,18649714
2018,GA-502,2422514
2018,GA-503,740693
2018,FL-513,717886
2018,FL-514,292129
2018,FL-515,30765
2018,FL-510,4508181
2018,FL-511,762337
2018,FL-512,126214
2018,FL-520,394161
2018,FL-600,30586660
2018,FL-601,9916663
2018,FL-517,160123
2018,FL-518,349022
2018,FL-519,850289
2018,AZ-502,27256124
2018,CA-500,25405437
2018,CA-501,43321549
2018,AR-505,247942
2018,AZ-500,3912060
2018,AZ-501,8334299
2018,CA-505,15430571
2018,CA-506,1786579
2018,CA-507,4370656
2018,CA-502,36618328
2018,CA-503,20327219
2018,CA-504,3624821
2018,AL-501,3699553
2018,AL-502,420470
2018,AL-503,636987
2018,AK-500,3027245
2018,AK-501,789376
2018,AL-500,9223098
2018,AR-500,3076941
2018,AR-501,323438
2018,AR-503,308396
2018,AL-504,1191580
2018,AL-506,203299
2018,AL-507,1066686
2018,CA-508,2553159
2018,CA-524,0
2018,CA-525,9817
2018,CA-526,406899
2018,CA-521,481697
2018,CA-522,836284
2018,CA-523,0
2018,CA-601,20809562
2018,CA-602,23388929
2018,CA-603,1945236
2018,CA-527,0
2018,CA-530,0
2018,CA-600,122457061
2018,CA-512,12409563
2018,CA-513,2287218
2018,CA-514,10459761
2018,CA-509,1572595
2018,CA-510,3296809
2018,CA-511,4352004
2018,CA-518,1425556
2018,CA-519,534598
2018,CA-520,721588
2018,CA-515,1254737
2018,CA-516,323603
2018,CA-517,718075
2018,MD-503,2402691
2018,MD-504,786514
2018,MD-505,2917756
2018,MD-500,668444
2018,MD-501,22766097
2018,MD-502,900880
2018,MD-509,620588
2018,MD-510,236927
2018,MD-511,724431
2018,MD-506,402670
2018,MD-507,255444
2018,MD-508,2841450
2018,MA-507,1756048
2018,MA-508,768699
2018,MA-509,4571999
2018,MA-504,4099092
2018,MA-505,1758917
2018,MA-506,6551627
2018,MA-516,12576289
2018,MA-517,1896636
2018,MA-519,794777
2018,MA-510,1753272
2018,MA-511,6170506
2018,MA-515,1768888
2018,MD-512,503511
2018,MI-511,103083
2018,MI-512,687449
2018,MI-513,125785
2018,MI-508,2478509
2018,MI-509,5806240
2018,MI-510,2039269
2018,MI-517,824043
2018,MI-518,143111
2018,MI-519,1129896
2018,MI-514,288659
2018,MI-515,125684
2018,MI-516,577871
2018,ME-500,12723012
2018,MI-500,9015642
2018,MI-501,26636844
2018,MD-513,1283378
2018,MD-600,5817344
2018,MD-601,8982609
2018,MI-505,1852934
2018,MI-506,6131861
2018,MI-507,1623334
2018,MI-502,4051675
2018,MI-503,1203265
2018,MI-504,6080995
2018,IL-506,4029727
2018,IL-507,1746846
2018,IL-508,3281137
2018,IL-502,2254639
2018,IL-503,703314
2018,IL-504,1786998
2018,IL-512,1010884
2018,IL-513,401503
2018,IL-514,4744678
2018,IL-509,582761
2018,IL-510,71943688
2018,IL-511,12734656
2018,HI-500,2542866
2018,HI-501,9210982
2018,IA-500,741468
2018,GA-507,3357485
2018,GA-508,4998875
2018,GU-500,1095910
2018,ID-501,3171169
2018,IL-500,920259
2018,IL-501,1463478
2018,IA-501,4965905
2018,IA-502,3438512
2018,ID-500,1046625
2018,IL-515,1014736
2018,LA-502,3892590
2018,LA-503,20668410
2018,LA-505,1698012
2018,KY-501,9632327
2018,KY-502,1765174
2018,LA-500,2764151
2018,MA-500,28251724
2018,MA-502,1852283
2018,MA-503,1804464
2018,LA-506,2428518
2018,LA-507,708464
2018,LA-509,17880159
2018,IL-519,646796
2018,IL-520,986766
2018,IN-502,16476143
2018,IL-516,846639
2018,IL-517,1769946
2018,IL-518,740232
2018,KS-505,663035
2018,KS-507,2527967
2018,KY-500,9173973
2018,IN-503,5370871
2018,KS-502,2598967
2018,KS-503,1813769
2017,NY-523,1575064
2017,NY-505,8728263
2017,NY-503,5185778
2017,NV-502,558309
2017,NV-500,13597125
2017,NV-501,1707408
2017,NY-508,12123086
2017,NY-507,3975845
2017,NY-607,303643
2017,NY-600,107934572
2017,NY-501,1541787
2017,NY-603,12114951
2017,NJ-504,6310835
2017,NJ-510,612635
2017,NJ-511,4256254
2017,NJ-503,3586935
2017,NJ-506,6599004
2017,NJ-507,3115656
2017,NJ-512,141059
2017,NM-501,5126788
2017,NM-500,5601571
2017,NJ-509,1773495
2017,NJ-502,511508
2017,NJ-514,3996051
2017,NY-500,12425702
2017,NY-510,220812
2017,OH-506,4718199
2017,OH-507,16297839
2017,NY-608,1172226
2017,NY-513,327362
2017,NY-604,17535267
2017,OH-502,27022106
2017,OH-503,12018118
2017,OH-505,9475557
2017,OH-508,3021970
2017,OH-501,4303927
2017,OH-504,1805621
2017,NY-606,850221
2017,NY-518,3291261
2017,NY-514,224360
2017,NY-511,1675462
2017,NY-512,3315773
2017,NY-504,328323
2017,NY-522,1290975
2017,NY-601,1336134
2017,NY-602,2629426
2017,NY-516,146634
2017,NY-519,463953
2017,NY-520,90731
2017,MO-602,576870
2017,MO-503,348919
2017,MO-604,13556575
2017,MO-603,1276389
2017,MO-606,5138708
2017,MO-600,977699
2017,MS-503,834942
2017,MS-500,917234
2017,MT-500,2500597
2017,MO-500,2043476
2017,MO-501,11811783
2017,MS-501,3274205
2017,MN-501,7204786
2017,MN-504,444029
2017,MN-509,3053541
2017,MI-517,849666
2017,MI-510,1884846
2017,MN-500,12360882
2017,MN-503,3929541
2017,MN-508,825548
2017,MN-511,998307
2017,MN-506,692180
2017,MN-505,1389172
2017,MN-502,2196280
2017,NC-502,1290365
2017,NH-501,1524628
2017,NH-502,1869026
2017,NH-500,3860250
2017,NE-500,2062221
2017,NE-502,2321900
2017,NE-501,4666784
2017,NJ-516,1210313
2017,NJ-513,424970
2017,NJ-500,573077
2017,NJ-515,4256465
2017,NJ-508,3479344
2017,NJ-501,5052351
2017,NC-513,683639
2017,NC-507,3352007
2017,NC-505,3812578
2017,NC-501,1289398
2017,NC-503,8613808
2017,NC-506,677710
2017,NC-516,289952
2017,NC-500,2011535
2017,ND-500,1816359
2017,NC-511,703508
2017,NC-509,803103
2017,NC-504,2049626
2017,OH-500,17176939
2017,VA-600,2685996
2017,VA-601,8874225
2017,VA-521,1031903
2017,UT-504,1106312
2017,UT-500,7358531
2017,VA-603,850002
2017,VA-514,309879
2017,VA-505,2014492
2017,VA-513,381945
2017,VA-503,1682457
2017,VA-502,847108
2017,VA-501,3883792
2017,TX-600,16216952
2017,TX-611,603751
2017,TX-601,12259386
2017,TX-607,6927605
2017,TX-700,33425255
2017,TX-500,9175480
2017,TX-624,333706
2017,TX-701,285591
2017,UT-503,1921484
2017,TX-503,5935642
2017,TX-603,2627248
2017,TX-604,1011220
2017,VA-500,4637254
2017,WI-500,9014902
2017,WI-501,10639970
2017,WI-502,874070
2017,WA-503,3327896
2017,WA-504,8205677
2017,WA-502,3785801
2017,WV-503,1177440
2017,WV-500,423047
2017,WY-500,292970
2017,WI-503,3221647
2017,WV-508,4327355
2017,WV-501,2399517
2017,VA-604,601375
2017,VA-504,367475
2017,VI-500,135371
2017,VA-602,177752
2017,VA-508,370158
2017,VA-507,1203709
2017,WA-500,35146190
2017,WA-508,1981862
2017,WA-507,630395
2017,VT-500,3459417
2017,VT-501,1173447
2017,WA-501,6478975
2017,PA-500,33850808
2017,PA-600,17804312
2017,PA-601,9424572
2017,OR-505,3165384
2017,OR-500,3461909
2017,OR-506,3467881
2017,PA-509,11926872
2017,PA-501,1723525
2017,PA-511,1202908
2017,PA-603,1350432
2017,PA-512,1278307
2017,PA-506,2860315
2017,OK-504,414808
2017,OK-507,126381
2017,OK-506,117578
2017,OK-505,373908
2017,OK-500,276320
2017,OK-501,2669333
2017,OR-501,22902688
2017,OR-507,2420021
2017,OR-503,613831
2017,OK-503,587289
2017,OK-502,3558289
2017,OR-502,257733
2017,PA-508,2759076
2017,TN-500,2625867
2017,TN-509,1540859
2017,TN-507,1512509
2017,SC-500,1779733
2017,SD-500,1294469
2017,TN-501,6753127
2017,TN-506,746137
2017,TN-510,616756
2017,TN-502,1373859
2017,TN-503,1836040
2017,TN-504,3210260
2017,TN-512,520154
2017,PA-510,2391713
2017,PA-605,2207402
2017,PA-504,2974858
2017,PA-502,5037257
2017,PA-503,4145104
2017,PA-505,1646023
2017,SC-501,2948636
2017,SC-502,3188334
2017,SC-503,2037608
2017,PR-503,5887787
2017,PR-502,13495946
2017,RI-500,5796184
2017,MI-515,131448
2017,DC-500,22090633
2017,DE-500,7952480
2017,FL-513,689017
2017,CO-500,2908936
2017,CT-505,35307559
2017,CT-503,10561977
2017,FL-519,896530
2017,FL-605,5357650
2017,FL-501,6317794
2017,FL-502,4075020
2017,FL-510,4478205
2017,FL-506,1353425
2017,CA-520,739284
2017,CA-503,20180083
2017,CA-607,3255774
2017,CA-606,8185190
2017,CA-611,2291894
2017,CA-509,1619739
2017,CA-524,2490
2017,CO-504,2404868
2017,CO-503,25279492
2017,CA-608,9978890
2017,CA-511,4414672
2017,CA-614,944314
2017,FL-503,1863611
2017,FL-509,1675076
2017,FL-603,1739532
2017,FL-514,289901
2017,FL-504,1359720
2017,FL-517,181258
2017,FL-507,7550681
2017,GA-504,645136
2017,GA-508,5002841
2017,GA-503,729515
2017,FL-518,350172
2017,GA-500,7244948
2017,GA-501,17970632
2017,FL-600,30682032
2017,FL-505,622419
2017,FL-500,959495
2017,FL-604,493681
2017,FL-508,695392
2017,FL-601,10809436
2017,FL-511,757069
2017,FL-512,128228
2017,FL-602,207098
2017,FL-520,402698
2017,FL-606,286151
2017,FL-515,52548
2017,AZ-500,3996879
2017,AZ-501,8640835
2017,CA-600,109398295
2017,AR-501,376240
2017,AR-512,6980
2017,AZ-502,25888759
2017,CA-515,1264104
2017,CA-604,5544186
2017,CA-601,20035551
2017,CA-602,23458682
2017,CA-500,21891818
2017,CA-502,35327971
2017,AL-501,3853644
2017,AL-507,1208530
2017,AL-502,464413
2017,AK-500,2932595
2017,AK-501,798651
2017,AL-500,9368654
2017,AR-503,458189
2017,AR-500,3171571
2017,AR-505,257589
2017,AL-504,2032293
2017,AL-503,675817
2017,AL-506,199627
2017,CA-526,301121
2017,CA-512,11536494
2017,CA-521,490890
2017,CA-527,5524
2017,CA-506,1864863
2017,CA-508,2624602
2017,CA-505,14617036
2017,CA-609,10415784
2017,CA-603,1733165
2017,CA-530,3164
2017,CA-514,9390872
2017,CA-612,2416477
2017,CA-523,6469
2017,CA-507,4292518
2017,CA-517,745886
2017,CA-519,559817
2017,CA-518,1284935
2017,CA-522,858332
2017,CA-504,3312364
2017,CA-510,3231538
2017,CA-525,19147
2017,CA-513,2321272
2017,CA-613,178875
2017,CA-501,41476960
2017,CA-516,346035
2017,GA-502,2570781
2017,MD-501,21447046
2017,MD-505,2875569
2017,MD-500,661652
2017,MA-505,1721502
2017,MA-504,3810961
2017,MD-509,598170
2017,MD-601,8879588
2017,MD-507,252206
2017,MD-600,5382710
2017,MD-503,2420435
2017,MD-506,406325
2017,MD-508,2827653
2017,MA-509,4443240
2017,MA-519,809318
2017,MA-506,6380237
2017,MA-516,12777016
2017,MA-503,1649356
2017,MA-500,26368398
2017,MA-507,1709231
2017,MA-508,846908
2017,MA-502,1845974
2017,MA-515,1743743
2017,MA-511,5708410
2017,MA-517,1921025
2017,MD-510,249595
2017,MI-502,3891144
2017,MI-506,5678115
2017,MI-505,2058079
2017,MI-519,1046885
2017,MI-516,572710
2017,MI-503,1248683
2017,MI-508,2501877
2017,MI-511,109914
2017,MI-518,231017
2017,MI-512,692000
2017,MI-514,311584
2017,MI-523,927142
2017,MD-512,494672
2017,MD-513,1249597
2017,ME-500,12932975
2017,MD-502,944769
2017,MD-504,768634
2017,MD-511,762931
2017,MI-501,25461727
2017,MI-509,5755670
2017,MI-507,1695277
2017,MI-500,9091021
2017,MI-513,124049
2017,MI-504,6037945
2017,IL-520,813941
2017,IL-518,902842
2017,IL-508,3240582
2017,IL-510,68304040
2017,IL-502,2064452
2017,IL-511,12080398
2017,IL-515,912737
2017,IL-507,1790507
2017,IL-504,1870011
2017,IL-512,1008666
2017,IL-501,1509896
2017,IL-506,4075624
2017,GU-500,1095776
2017,HI-501,9353552
2017,HI-500,2408944
2017,GA-506,2200978
2017,GA-507,3266642
2017,GA-505,1401337
2017,ID-500,916120
2017,ID-501,2801256
2017,IL-514,4654874
2017,IA-501,4970453
2017,IA-500,722532
2017,IA-502,3415691
2017,IL-503,713497
2017,LA-500,2612552
2017,LA-502,4039037
2017,LA-509,15634597
2017,KY-502,1493288
2017,KY-501,9551760
2017,KY-500,8344234
2017,LA-508,1095849
2017,LA-506,2197826
2017,MA-510,1817233
2017,LA-503,19076053
2017,LA-507,737471
2017,LA-505,1656441
2017,IL-513,415203
2017,IL-500,956314
2017,IL-519,660511
2017,IL-516,790791
2017,IL-509,580973
2017,IL-517,1765661
2017,KS-507,2620000
2017,KS-502,2575661
2017,KS-503,1935736
2017,IN-502,14045129
2017,IN-503,5255658
2017,KS-505,704323
2016,NY-606,731495
2016,NY-523,1581004
2016,NY-505,8658238
2016,NV-502,574995
2016,NV-500,13484302
2016,NV-501,1703062
2016,NY-603,10612648
2016,NY-508,11765574
2016,NY-507,3975203
2016,NY-503,5154071
2016,NY-600,107493608
2016,NY-501,1527165
2016,NJ-510,566500
2016,NJ-504,6604274
2016,NJ-511,4090373
2016,NJ-503,3548788
2016,NJ-506,6557997
2016,NJ-507,2949971
2016,NJ-512,139618
2016,NM-501,4963571
2016,NM-500,5794442
2016,NJ-509,1780503
2016,NJ-502,478083
2016,NJ-514,3837859
2016,NY-511,1607135
2016,NY-510,197057
2016,OH-506,4711705
2016,OH-507,16189733
2016,NY-513,314662
2016,NY-520,88936
2016,NY-604,15997082
2016,OH-502,26997332
2016,OH-503,11968018
2016,OH-505,8907293
2016,OH-508,2696040
2016,OH-501,4180179
2016,OH-504,1749421
2016,NY-504,328417
2016,NY-518,3110204
2016,NY-514,217879
2016,NY-607,366967
2016,NY-500,11853955
2016,NY-512,3292226
2016,NY-601,1338222
2016,NY-602,2743298
2016,NY-522,1297889
2016,NY-516,143907
2016,NY-519,450923
2016,NY-608,1166718
2016,NJ-500,519516
2016,MO-606,4942202
2016,MO-600,901775
2016,MO-602,549936
2016,MN-511,984744
2016,MO-604,12834032
2016,MO-603,1258363
2016,MS-501,3241980
2016,MS-503,812476
2016,MS-500,1313447
2016,MO-503,287447
2016,MO-500,1947438
2016,MO-501,11327426
2016,MN-504,441917
2016,MN-500,11814366
2016,MN-501,6976719
2016,MI-515,129387
2016,MI-517,818093
2016,MI-510,1806174
2016,MN-502,2130652
2016,MN-503,3775053
2016,MN-508,824001
2016,MN-509,3045367
2016,MN-505,1406233
2016,MN-506,672506
2016,MT-500,2446282
2016,NE-501,4235409
2016,NH-501,1544841
2016,NH-502,1869026
2016,ND-500,1903991
2016,NE-500,2027150
2016,NE-502,2257143
2016,NJ-516,1224785
2016,NJ-501,4787854
2016,NJ-513,416211
2016,NH-500,3728711
2016,NJ-515,4598725
2016,NJ-508,3473553
2016,NC-501,1206060
2016,NC-513,656714
2016,NC-507,3187757
2016,NC-502,1393651
2016,NC-506,668205
2016,NC-503,8409964
2016,NC-504,2006402
2016,NC-516,288831
2016,NC-500,1896891
2016,NC-505,3659196
2016,NC-511,698580
2016,NC-509,835476
2016,VA-600,2539044
2016,VA-601,8421041
2016,VA-521,891945
2016,UT-504,978525
2016,UT-500,7291633
2016,VA-603,808196
2016,VA-514,273731
2016,VA-505,2017216
2016,VA-513,361353
2016,VA-503,1401011
2016,VA-502,835191
2016,VA-501,3903688
2016,TX-600,15979190
2016,TX-611,595303
2016,TX-601,11323933
2016,TX-607,6499737
2016,TX-700,33233058
2016,TX-500,8654457
2016,TX-624,301888
2016,TX-701,288891
2016,UT-503,1819427
2016,TX-503,5686658
2016,TX-603,2763916
2016,TX-604,988312
2016,VA-500,4346322
2016,WI-500,9101147
2016,WI-502,874678
2016,WI-501,10453943
2016,WA-503,3303548
2016,WA-504,7982600
2016,WA-502,3776210
2016,WV-503,1223910
2016,WV-500,413181
2016,WY-500,291611
2016,WI-503,3156593
2016,WV-508,4018831
2016,WV-501,2208890
2016,VA-604,564657
2016,VA-504,364572
2016,VI-500,107651
2016,VA-602,167480
2016,VA-508,359813
2016,VA-507,1204885
2016,WA-500,35035952
2016,WA-508,1738388
2016,WA-507,503296
2016,VT-500,3335037
2016,VT-501,1143175
2016,WA-501,6373115
2016,TN-502,1390506
2016,OR-506,3367261
2016,PA-500,33542976
2016,PA-600,17787724
2016,OR-507,2294569
2016,OR-503,597510
2016,OR-500,3377840
2016,PA-506,2828868
2016,PA-509,11077675
2016,PA-501,1683543
2016,PA-601,9055226
2016,PA-603,1347740
2016,PA-512,1236933
2016,OK-500,286706
2016,OK-504,408358
2016,OK-507,120983
2016,OH-500,17469842
2016,OK-505,364564
2016,OK-501,2794032
2016,OR-502,265111
2016,OR-505,3134740
2016,OR-501,21649478
2016,OK-506,108098
2016,OK-503,578363
2016,OK-502,3230712
2016,PA-511,1174207
2016,TN-501,6706950
2016,TN-500,2589462
2016,TN-504,3234117
2016,SC-503,1918122
2016,SC-502,2856086
2016,SD-500,1264095
2016,TN-512,492136
2016,TN-506,780613
2016,TN-510,525674
2016,TN-509,1528834
2016,TN-507,1546745
2016,TN-503,1816073
2016,PA-505,1642543
2016,PA-510,2311097
2016,PA-605,2267190
2016,PA-508,2586130
2016,PA-502,5141756
2016,PA-503,3917394
2016,RI-500,5932887
2016,SC-501,3240222
2016,SC-500,1719596
2016,PA-504,2973442
2016,PR-503,5658674
2016,PR-502,13057303
2016,MI-518,219006
2016,FL-502,4037891
2016,FL-510,4447876
2016,FL-506,1341171
2016,DC-500,21390844
2016,DE-500,7858054
2016,FL-513,687401
2016,FL-501,6242867
2016,FL-604,471296
2016,FL-508,627897
2016,FL-519,886629
2016,FL-605,4946880
2016,FL-503,1636029
2016,CA-608,9912027
2016,CA-511,4290724
2016,CA-614,928536
2016,CA-520,738049
2016,CA-503,19511838
2016,CA-607,3176554
2016,CO-500,2870432
2016,CT-505,34391375
2016,CT-503,10192385
2016,CA-524,2490
2016,CO-504,2443940
2016,CO-503,24442543
2016,FL-505,574187
2016,FL-518,357356
2016,GA-500,6979344
2016,GA-501,16095286
2016,FL-509,1577584
2016,FL-603,1661056
2016,FL-514,190997
2016,GA-502,2604210
2016,GA-506,2152110
2016,GA-507,3389764
2016,GA-504,622090
2016,GA-508,4781918
2016,GA-503,663759
2016,FL-500,871530
2016,FL-602,189201
2016,FL-606,278807
2016,FL-601,10740809
2016,FL-600,29898527
2016,FL-520,450265
2016,FL-517,179216
2016,FL-512,133345
2016,FL-507,7445861
2016,FL-515,52529
2016,FL-511,784376
2016,FL-504,1307457
2016,CA-509,1701242
2016,AZ-502,25418465
2016,CA-600,104971653
2016,CA-602,22354847
2016,AR-501,382645
2016,AZ-500,3999989
2016,AZ-501,8414896
2016,CA-604,5469432
2016,CA-601,18229194
2016,CA-526,313976
2016,CA-500,20015353
2016,CA-502,33998867
2016,CA-515,1269692
2016,AL-500,8909627
2016,AL-501,3851277
2016,AL-507,916817
2016,AK-501,760458
2016,AK-500,2936677
2016,AL-502,469366
2016,AR-503,426096
2016,AR-500,3213437
2016,AR-505,271580
2016,AL-504,2105613
2016,AL-503,703494
2016,AL-506,216199
2016,CA-518,1288063
2016,CA-512,8583356
2016,CA-521,487860
2016,CA-603,1667801
2016,CA-506,1967620
2016,CA-508,1953274
2016,CA-505,13076992
2016,CA-530,3091
2016,CA-606,7641265
2016,CA-611,2174740
2016,CA-514,9006586
2016,CA-612,2371801
2016,CA-609,10339584
2016,CA-504,3076336
2016,CA-519,528301
2016,CA-613,191704
2016,CA-522,822933
2016,CA-507,3328338
2016,CA-517,715483
2016,CA-510,3110273
2016,CA-525,9817
2016,CA-513,2188521
2016,CA-501,32166773
2016,CA-516,346705
2016,CA-527,5511
2016,MD-501,21106170
2016,MD-505,2766391
2016,MD-500,650648
2016,MA-505,1739069
2016,MA-504,3479984
2016,MD-509,568257
2016,MD-600,4903772
2016,MD-510,237274
2016,MD-502,920787
2016,MD-503,2303378
2016,MD-506,390453
2016,MD-508,2648561
2016,MA-519,798948
2016,MA-506,6357364
2016,MA-516,10538415
2016,MA-503,1758102
2016,MA-500,24583209
2016,MA-509,4141665
2016,MA-507,1571830
2016,MA-508,833056
2016,MA-502,1732766
2016,MA-515,1775574
2016,MA-511,5530889
2016,MA-517,1922372
2016,MD-601,8288534
2016,MI-516,571984
2016,MI-503,1198139
2016,MI-502,3706890
2016,MI-501,23662172
2016,MI-507,1730134
2016,MI-519,1017437
2016,MI-514,305356
2016,MI-508,2551559
2016,MI-511,107596
2016,MI-506,5511453
2016,MI-505,2105600
2016,MI-512,675516
2016,MD-512,501992
2016,MD-513,1231811
2016,ME-502,3498449
2016,MD-504,785410
2016,MD-507,244476
2016,MD-511,687157
2016,MI-504,5807618
2016,MI-509,5733891
2016,MI-523,929250
2016,ME-500,8312302
2016,MI-513,131967
2016,MI-500,8872886
2016,MA-518,1317531
2016,IL-508,3189769
2016,IL-512,1022802
2016,IL-506,3752278
2016,IL-511,11770688
2016,IL-520,842336
2016,IL-518,943042
2016,IL-503,710403
2016,IL-516,790791
2016,IL-509,568565
2016,IL-515,902088
2016,IL-507,1788852
2016,IL-504,1891803
2016,HI-500,2146702
2016,IA-501,4755436
2016,IA-500,712980
2016,GA-505,1360498
2016,GU-500,1121767
2016,HI-501,9372980
2016,IL-514,4411902
2016,IL-510,64921879
2016,IL-502,2137755
2016,IA-502,3370014
2016,ID-500,901578
2016,ID-501,2767872
2016,IL-517,1622893
2016,LA-504,1896763
2016,LA-502,3884305
2016,LA-509,12763966
2016,KY-501,9448427
2016,KY-500,8113444
2016,LA-500,2477638
2016,LA-508,1084405
2016,LA-506,2232580
2016,MA-510,1722258
2016,LA-503,18924229
2016,LA-507,719772
2016,LA-505,1619854
2016,IL-501,1528983
2016,IN-502,11424156
2016,IN-500,1435007
2016,IL-513,438717
2016,IL-500,975924
2016,IL-519,650720
2016,KS-502,2479662
2016,KS-503,1780468
2016,KY-502,1501736
2016,IN-503,5030641
2016,KS-505,677397
2016,KS-507,2594677
2015,NV-501,1575244
2015,NY-606,727899
2015,NY-523,1556533
2015,NM-500,5681370
2015,NV-502,610198
2015,NV-500,13369068
2015,NY-502,252674
2015,NY-603,10453402
2015,NY-508,10873277
2015,NY-505,8296514
2015,NY-503,5040772
2015,NY-600,121965844
2015,NJ-503,3452067
2015,NJ-506,5243399
2015,NJ-507,2407162
2015,NJ-513,397461
2015,NJ-500,519206
2015,NJ-510,463677
2015,NJ-502,511020
2015,NJ-514,3538791
2015,NM-501,4611587
2015,NJ-509,1756326
2015,NJ-504,5738188
2015,NJ-511,3745554
2015,NY-507,3867818
2015,NY-604,18422848
2015,NY-510,211918
2015,OH-506,4366303
2015,NY-608,1169100
2015,NY-513,205097
2015,NY-520,89223
2015,OH-504,1983615
2015,OH-502,26740229
2015,OH-503,11753431
2015,OH-507,17483191
2015,OH-508,2570070
2015,OH-501,4133149
2015,NY-512,3210595
2015,NY-504,351754
2015,NY-518,3120929
2015,NY-511,1563384
2015,NY-607,389540
2015,NY-500,11127315
2015,NY-522,1267042
2015,NY-601,1338245
2015,NY-602,2792412
2015,NY-514,210874
2015,NY-516,146300
2015,NY-519,451459
2015,NJ-516,1222609
2015,MN-511,984023
2015,MO-604,11461063
2015,MO-603,1257604
2015,MN-505,1373986
2015,MN-506,673035
2015,MN-508,862869
2015,MO-503,292226
2015,MO-500,1598248
2015,MO-501,10819284
2015,MO-606,4553354
2015,MO-600,865457
2015,MO-602,533918
2015,MI-515,139126
2015,MI-517,905738
2015,MI-510,1806174
2015,MI-508,2566614
2015,MI-511,108386
2015,MI-518,219545
2015,MN-501,6964024
2015,MN-502,1929728
2015,MN-503,3758883
2015,MN-504,442121
2015,MN-500,11815635
2015,MN-509,3271748
2015,MS-501,3304285
2015,NE-500,2023586
2015,NE-502,2230675
2015,NE-501,4224258
2015,NC-504,1891697
2015,NC-516,287951
2015,ND-500,2047642
2015,NJ-515,4467480
2015,NJ-508,3073031
2015,NJ-501,4213917
2015,NH-500,3552510
2015,NH-501,1537898
2015,NH-502,1814588
2015,NC-502,1322432
2015,NC-503,7399611
2015,NC-506,670702
2015,MS-503,763991
2015,MS-500,1375970
2015,MT-500,2455596
2015,NC-500,1889617
2015,NC-505,3570229
2015,NC-511,698580
2015,NC-501,1206824
2015,NC-513,625299
2015,NC-507,3013496
2015,OH-505,8478888
2015,VA-600,2136575
2015,VA-601,8373285
2015,VA-503,1602194
2015,UT-504,1089919
2015,UT-500,7389067
2015,VA-603,806998
2015,VA-501,3912825
2015,VA-514,273082
2015,VA-505,2015935
2015,VA-502,836582
2015,VA-500,4468766
2015,VA-521,808025
2015,TX-500,8329314
2015,TX-601,11656963
2015,TX-503,5687295
2015,TX-700,32098014
2015,TX-600,16629599
2015,TX-611,690955
2015,TX-624,324611
2015,TX-701,310636
2015,UT-503,1640766
2015,TX-607,7686653
2015,TX-603,2758173
2015,TX-604,978750
2015,VA-513,384701
2015,WI-500,8773084
2015,WI-501,10127898
2015,WI-502,1055535
2015,WA-503,3449147
2015,WA-504,7900826
2015,WA-502,3822547
2015,WV-503,1223874
2015,WV-500,412132
2015,WY-500,290415
2015,WI-503,3633373
2015,WV-508,3806212
2015,WV-501,2205883
2015,VA-604,527157
2015,VA-504,369106
2015,VI-500,115754
2015,VA-602,167720
2015,VA-508,338557
2015,VA-507,1157730
2015,WA-501,6227178
2015,WA-508,1517539
2015,WA-507,594588
2015,VT-500,3231669
2015,VT-501,1036720
2015,WA-500,35389214
2015,TN-510,554551
2015,OR-506,3393016
2015,PA-500,35522132
2015,PA-509,10803770
2015,OR-507,2087390
2015,OR-503,569835
2015,OR-500,3361210
2015,PA-512,1175133
2015,PA-506,3327453
2015,PA-501,1623714
2015,PA-600,18215968
2015,PA-601,8792731
2015,PA-603,1534995
2015,OK-501,2736752
2015,OK-504,373113
2015,OK-507,111107
2015,OH-500,17982669
2015,OK-505,364189
2015,OK-500,279017
2015,OR-502,282942
2015,OR-505,3081444
2015,OR-501,19118469
2015,OK-506,116234
2015,OK-503,595293
2015,OK-502,3507094
2015,PA-511,934433
2015,TN-501,6716521
2015,TN-500,2612695
2015,TN-504,3138851
2015,SC-501,3291688
2015,SC-502,3053383
2015,SD-500,1126640
2015,TN-502,1401099
2015,TN-506,731977
2015,TN-512,393584
2015,TN-509,1530908
2015,TN-507,1490638
2015,TN-503,1819533
2015,PA-505,1618855
2015,PA-510,2007820
2015,PA-605,2128578
2015,PA-508,2588315
2015,PA-502,5128363
2015,PA-503,3995242
2015,RI-500,5985905
2015,SC-500,1717517
2015,SC-503,1844036
2015,PA-504,2865555
2015,PR-503,5960026
2015,PR-502,13017927
2015,DE-500,7785779
2015,FL-513,719252
2015,FL-502,4036255
2015,CT-503,10169085
2015,CT-502,6411420
2015,DC-500,23888687
2015,FL-605,5682950
2015,FL-501,6240062
2015,FL-503,1614059
2015,FL-510,4597556
2015,FL-506,1341674
2015,FL-519,763038
2015,CA-503,19138664
2015,CA-608,9289429
2015,CA-511,4180278
2015,CA-611,1970367
2015,CA-509,1777940
2015,CA-607,3112977
2015,CO-503,24388048
2015,CO-500,2874257
2015,CT-505,27081272
2015,CA-614,935156
2015,CA-524,2490
2015,CO-504,2452453
2015,FL-517,190199
2015,FL-509,1514817
2015,FL-603,1762276
2015,FL-514,243373
2015,FL-511,836821
2015,FL-504,1090050
2015,FL-507,7444936
2015,GA-503,696892
2015,GA-500,6921341
2015,GA-502,2795919
2015,GA-501,15845827
2015,GA-504,604002
2015,GA-508,4061462
2015,FL-505,576097
2015,FL-601,10376919
2015,FL-600,29730926
2015,FL-604,448854
2015,FL-508,587300
2015,FL-518,357005
2015,FL-606,270198
2015,FL-515,42952
2015,FL-512,139559
2015,FL-500,1113950
2015,FL-602,189503
2015,FL-520,396759
2015,CA-606,6965080
2015,AZ-500,4008374
2015,AZ-501,8428109
2015,CA-600,99691350
2015,AR-501,394778
2015,AR-504,24141
2015,AZ-502,26882333
2015,CA-515,1256067
2015,CA-604,4790096
2015,CA-601,17859969
2015,CA-602,22025895
2015,CA-500,20204762
2015,CA-502,28980863
2015,AL-500,8997707
2015,AL-501,3953258
2015,AL-507,543801
2015,AK-501,762763
2015,AK-500,2949710
2015,AL-502,502183
2015,AR-500,3353320
2015,AR-503,376455
2015,AR-505,292022
2015,AL-504,2112078
2015,AL-503,754922
2015,AL-506,232472
2015,CA-526,313840
2015,CA-508,2261790
2015,CA-505,11104352
2015,CA-512,9455481
2015,CA-513,1923277
2015,CA-506,1972200
2015,CA-520,659165
2015,CA-612,2319804
2015,CA-609,9366053
2015,CA-615,2862
2015,CA-521,474575
2015,CA-603,1607635
2015,CA-514,8737368
2015,CA-507,3264434
2015,CA-517,712708
2015,CA-519,531742
2015,CA-518,1254088
2015,CA-522,819897
2015,CA-504,3087262
2015,CA-527,5629
2015,CA-510,2963830
2015,CA-525,10556
2015,CA-613,191131
2015,CA-501,30968697
2015,CA-516,317347
2015,GA-506,2200358
2015,MA-504,3230835
2015,MD-509,569765
2015,MD-501,20113771
2015,MA-508,808792
2015,MA-502,1784969
2015,MA-505,1684939
2015,MD-506,390079
2015,MD-508,2521547
2015,MD-601,8202360
2015,MD-505,2766391
2015,MD-500,698974
2015,MD-503,2175878
2015,MA-500,22664525
2015,MA-509,4164930
2015,MA-517,1925107
2015,MA-510,1724266
2015,MA-518,1476746
2015,MA-503,1932912
2015,MA-515,1749357
2015,MA-511,5453087
2015,MA-507,1797223
2015,MA-519,819144
2015,MA-506,6595065
2015,MA-516,10239066
2015,MD-510,255878
2015,MI-507,1777855
2015,MI-519,1017124
2015,MI-516,577163
2015,MI-509,5708538
2015,MI-523,895163
2015,MI-501,26130090
2015,MI-505,2294131
2015,MI-512,670841
2015,MI-514,326673
2015,MI-503,1197318
2015,MI-506,5503523
2015,MI-502,3380983
2015,MD-600,4944748
2015,MD-511,723480
2015,MD-512,500970
2015,MD-502,927130
2015,MD-504,789594
2015,MD-507,244476
2015,MI-513,194878
2015,MI-500,8790201
2015,MI-504,5793784
2015,MD-513,1203629
2015,ME-502,3310122
2015,ME-500,8667731
2015,LA-506,2291529
2015,IL-518,858536
2015,IL-508,3191970
2015,IL-512,1093888
2015,IL-502,2105513
2015,IL-511,11373095
2015,IL-520,890826
2015,IL-504,1832242
2015,IL-503,748586
2015,IL-516,794348
2015,IL-506,3519280
2015,IL-515,905114
2015,IL-507,1786354
2015,HI-501,9265576
2015,HI-500,2100869
2015,IA-501,4584927
2015,GA-507,3588586
2015,GA-505,1333949
2015,GU-500,1122558
2015,ID-501,2780683
2015,IL-514,4406678
2015,IL-510,63499383
2015,IA-500,715112
2015,IA-502,3127223
2015,ID-500,933085
2015,IL-509,611360
2015,KY-501,9064742
2015,LA-500,2474843
2015,LA-504,1753358
2015,KS-503,1867911
2015,KY-502,1589681
2015,KY-500,7981008
2015,LA-505,1617421
2015,LA-508,1067678
2015,LA-509,11407163
2015,LA-502,3890343
2015,LA-503,18367757
2015,LA-507,704860
2015,IL-519,650720
2015,IL-501,1470693
2015,IN-502,10496669
2015,IL-517,1621013
2015,IL-513,444738
2015,IL-500,930933
2015,KS-505,675358
2015,KS-507,2539223
2015,KS-502,2138663
2015,IN-500,1433183
2015,IN-503,4404410
2015,KS-501,1648828
2014,NY-503,4477029
2014,NY-523,1322666
2014,NY-600,104945359
2014,NV-500,12561109
2014,NV-501,1613494
2014,NY-606,677789
2014,NY-508,9759592
2014,NY-507,3368790
2014,NY-511,1606909
2014,NY-501,1501351
2014,NY-502,293804
2014,NY-603,11905928
2014,NV-502,623593
2014,NJ-506,5340100
2014,NJ-507,1866679
2014,NJ-509,1750933
2014,NJ-503,2849136
2014,NJ-518,404916
2014,NJ-500,446183
2014,NJ-512,146148
2014,NM-501,4211883
2014,NM-500,5113012
2014,NJ-504,5867522
2014,NJ-511,2851865
2014,NJ-514,3026121
2014,NY-500,11102896
2014,NY-509,4881
2014,NY-517,65344
2014,OH-506,4460565
2014,NY-520,51601
2014,NY-604,16663642
2014,NY-510,236206
2014,OH-504,2146095
2014,OH-500,15381528
2014,OH-502,25243448
2014,OH-507,14790810
2014,OH-508,2310203
2014,OH-501,4388180
2014,NY-513,169426
2014,NY-518,3430960
2014,NY-514,248087
2014,NY-516,176274
2014,NY-505,8871625
2014,NY-512,3078905
2014,NY-504,409805
2014,NY-602,2718779
2014,NY-608,1226798
2014,NY-607,438066
2014,NY-519,461076
2014,NY-601,1338654
2014,NY-522,1242616
2014,MO-606,4447456
2014,MO-503,278630
2014,MO-602,596637
2014,MO-604,10414305
2014,MO-600,959622
2014,MO-603,1196401
2014,MS-503,727283
2014,MS-500,1543243
2014,MT-500,2648499
2014,MO-500,1327735
2014,MO-501,10456027
2014,MS-501,3257358
2014,MN-502,2088398
2014,MN-504,440878
2014,MN-500,10079363
2014,MN-509,3163341
2014,MI-518,230611
2014,MI-517,848800
2014,MI-510,1843373
2014,MN-508,810102
2014,MN-511,893235
2014,MN-501,6269922
2014,MN-503,3163532
2014,MN-505,1342290
2014,MN-506,678651
2014,NC-502,1070621
2014,NH-501,1284265
2014,NH-502,1846344
2014,NJ-515,4498918
2014,NE-502,1948934
2014,NE-501,3787298
2014,NH-500,3491586
2014,NJ-513,407628
2014,NJ-510,379471
2014,NJ-502,578628
2014,NJ-508,3215533
2014,NJ-516,1023939
2014,NJ-501,3435219
2014,NE-500,1916413
2014,NC-513,574812
2014,NC-507,2642193
2014,NC-500,1898308
2014,NC-506,769831
2014,NC-501,1196396
2014,NC-503,5649866
2014,NC-504,1829362
2014,NC-516,276405
2014,ND-500,2173491
2014,NC-505,3630571
2014,NC-509,829578
2014,NC-511,806572
2014,OH-503,11061640
2014,VA-504,327108
2014,VA-603,754055
2014,VA-600,1920096
2014,UT-503,1318491
2014,UT-504,1121601
2014,UT-500,6028627
2014,VA-503,1481073
2014,VA-502,769437
2014,VA-500,4413731
2014,VA-505,1915780
2014,VA-501,4055120
2014,VA-601,7655650
2014,TX-701,312250
2014,TX-600,17099270
2014,TX-601,11379958
2014,TX-611,772766
2014,TN-510,564054
2014,TX-607,6902560
2014,TX-700,23037803
2014,TX-603,3080695
2014,TX-604,1105311
2014,TX-624,368336
2014,TX-500,7565056
2014,TX-503,5612037
2014,TX-703,706340
2014,VA-521,639131
2014,WI-500,7658825
2014,WI-502,1170794
2014,WI-501,10601557
2014,WA-507,625435
2014,WA-503,3174762
2014,WA-502,3530580
2014,WV-503,1353018
2014,WV-500,437524
2014,WY-500,327002
2014,WI-503,3190276
2014,WV-508,3610109
2014,WV-501,1832057
2014,WA-504,5631040
2014,VA-508,383287
2014,VA-507,1300607
2014,VA-604,593264
2014,VA-514,162361
2014,VA-513,418039
2014,VA-602,155000
2014,WA-500,28087080
2014,WA-501,5887259
2014,WA-508,1254256
2014,VI-500,133218
2014,VT-500,2732017
2014,VT-501,999771
2014,PA-500,30800341
2014,PA-507,5722465
2014,PA-600,15524687
2014,OR-503,530465
2014,OR-500,2759198
2014,OR-506,2720993
2014,PA-506,2624111
2014,PA-501,1587502
2014,PA-511,902215
2014,PA-601,5148459
2014,PA-603,1587100
2014,PA-512,1012925
2014,OR-507,1717124
2014,OK-505,309698
2014,OK-501,2737131
2014,OK-503,687476
2014,OH-505,8372952
2014,OK-504,358817
2014,OK-500,318649
2014,OR-502,323920
2014,OR-505,3164408
2014,OR-501,15478198
2014,OK-507,130022
2014,OK-506,113714
2014,OK-502,3175109
2014,PA-602,2739662
2014,TN-501,6909905
2014,TN-500,2939426
2014,TN-504,3479196
2014,SC-501,3737478
2014,SC-502,2923224
2014,SD-500,1225381
2014,TN-506,758384
2014,TN-502,1380353
2014,TN-512,486452
2014,TN-509,1572054
2014,TN-507,1617073
2014,TN-503,1867720
2014,SC-503,1507399
2014,PA-503,3826687
2014,PA-505,1538508
2014,PA-510,1916917
2014,PA-508,2615255
2014,PA-509,5440115
2014,PA-502,4581158
2014,PR-502,13458157
2014,RI-500,5262197
2014,SC-500,1619098
2014,PA-605,2301957
2014,PA-504,2555725
2014,PR-503,5842927
2014,FL-513,817332
2014,FL-502,3914556
2014,FL-510,4569262
2014,CT-512,2209568
2014,DC-500,21213697
2014,DE-500,6745030
2014,FL-516,605615
2014,FL-517,205915
2014,FL-501,6243959
2014,FL-506,1325497
2014,FL-519,758924
2014,FL-605,5461193
2014,CT-508,1888873
2014,CA-614,1075961
2014,CA-524,2490
2014,CO-504,2233091
2014,CA-503,18719062
2014,CA-608,9857934
2014,CA-511,4543476
2014,CT-503,5770860
2014,CT-502,5986784
2014,CT-506,1562336
2014,CO-503,20333265
2014,CO-500,3248406
2014,CT-505,21691415
2014,FL-503,994538
2014,FL-514,241997
2014,FL-505,628910
2014,GA-500,6959507
2014,FL-507,7159105
2014,FL-509,1381491
2014,FL-603,2061821
2014,GA-503,689244
2014,GA-502,2808355
2014,GA-506,2084323
2014,GA-501,14626267
2014,GA-504,709617
2014,GA-508,3867362
2014,FL-511,948354
2014,FL-601,10256442
2014,FL-600,32258225
2014,FL-606,312296
2014,FL-604,528073
2014,FL-508,677341
2014,FL-518,279172
2014,FL-504,1049538
2014,FL-515,49162
2014,FL-512,152400
2014,FL-500,785655
2014,FL-602,218035
2014,FL-520,370361
2014,AZ-501,8634226
2014,CA-600,91956831
2014,CA-602,19526012
2014,AR-501,234791
2014,AZ-502,26386235
2014,AZ-500,4238369
2014,CA-604,3750970
2014,CA-601,16170164
2014,CA-526,314389
2014,CA-500,15896617
2014,CA-502,27195702
2014,CA-515,1081122
2014,AR-505,340591
2014,AL-500,8421368
2014,AL-501,3885464
2014,AL-507,563584
2014,AK-500,2859081
2014,AK-501,817317
2014,AL-502,577790
2014,AL-506,248367
2014,AR-500,4016037
2014,AR-503,331831
2014,AL-503,853943
2014,AL-505,7649
2014,AL-504,2286488
2014,CA-518,1158800
2014,CA-521,453504
2014,CA-603,1448116
2014,CA-609,6962571
2014,CA-520,579193
2014,CA-508,2274747
2014,CA-512,7563895
2014,CA-606,8167924
2014,CA-611,1896944
2014,CA-607,2876396
2014,CA-509,2077576
2014,CA-514,7682593
2014,CA-612,2345056
2014,CA-506,2121998
2014,CA-507,2880972
2014,CA-517,609318
2014,CA-519,578630
2014,CA-505,10767490
2014,CA-522,733348
2014,CA-504,2970948
2014,CA-510,3327972
2014,CA-525,12419
2014,CA-513,1764900
2014,CA-613,205945
2014,CA-501,25648425
2014,CA-516,373349
2014,GA-507,4052707
2014,MD-509,609534
2014,MD-501,21776583
2014,MD-505,2633522
2014,MA-505,1968954
2014,MA-511,3473704
2014,MA-504,2896534
2014,MD-508,2334584
2014,MD-507,261510
2014,MD-601,7537481
2014,MD-500,809617
2014,MD-503,2451633
2014,MD-506,371312
2014,MA-502,1997049
2014,MA-517,2125646
2014,MA-519,925047
2014,MA-506,6487801
2014,MA-503,1697949
2014,MA-500,24163154
2014,MA-509,3762901
2014,MA-513,1820509
2014,MA-507,1623001
2014,MA-508,803989
2014,MA-516,9609165
2014,MA-515,1969848
2014,MA-520,1113336
2014,MD-510,294364
2014,MI-502,3480248
2014,MI-503,1335357
2014,MI-516,527006
2014,MI-523,750912
2014,MI-507,1857125
2014,MI-519,906273
2014,MI-514,364610
2014,MI-508,2056477
2014,MI-511,108758
2014,MI-506,5121687
2014,MI-505,2348893
2014,MI-512,658417
2014,MI-509,5105523
2014,MD-511,758497
2014,MD-512,548266
2014,MD-513,1164438
2014,MD-502,808335
2014,MD-504,913432
2014,MD-600,5089155
2014,MI-500,8218092
2014,MI-504,5242015
2014,MI-501,26457858
2014,ME-502,2569369
2014,ME-500,7838666
2014,MI-513,229132
2014,IL-508,3208956
2014,IL-512,1254147
2014,IL-506,3472952
2014,IL-511,11712428
2014,IL-520,1035769
2014,IL-518,974443
2014,IL-503,843875
2014,IL-516,911996
2014,IL-509,615714
2014,IL-515,1037821
2014,IL-507,1674162
2014,IL-504,2057290
2014,IL-502,2316362
2014,HI-500,1828631
2014,IA-501,4683391
2014,IA-500,871142
2014,GA-505,1274573
2014,GU-500,1346148
2014,HI-501,9791369
2014,IL-514,4157738
2014,IL-510,59601053
2014,IL-513,507123
2014,IA-502,2791900
2014,ID-500,964970
2014,ID-501,3111636
2014,IL-517,1530829
2014,LA-502,4026441
2014,LA-503,16779545
2014,LA-501,340394
2014,KY-500,8298485
2014,LA-500,2735010
2014,LA-504,2023741
2014,LA-506,2252125
2014,MA-510,1839720
2014,MA-518,1419518
2014,LA-507,714271
2014,LA-505,1510247
2014,LA-508,1203528
2014,KY-501,9184304
2014,IN-502,9993496
2014,IN-500,1675156
2014,IN-503,4743246
2014,IL-500,921227
2014,IL-519,639734
2014,IL-501,1627385
2014,KS-501,1560355
2014,KS-502,2407083
2014,KY-502,1523798
2014,KS-505,587357
2014,KS-507,2852823
2014,KS-503,1751097
2013,NY-600,114136681
2013,NY-501,1498040
2013,NY-603,11282292
2013,NV-501,1702291
2013,NY-503,4419630
2013,NY-523,1299919
2013,NY-511,1304824
2013,NY-500,9689428
2013,NY-505,9247244
2013,NY-502,335480
2013,NY-508,9176198
2013,NY-507,3342173
2013,NV-500,9517717
2013,NJ-504,5016497
2013,NJ-509,1483204
2013,NJ-511,2378221
2013,NJ-500,446431
2013,NJ-506,2558902
2013,NJ-507,1527547
2013,NM-501,3897464
2013,NM-500,4864896
2013,NV-502,717330
2013,NJ-512,147995
2013,NJ-514,2929757
2013,NJ-515,4322653
2013,NY-512,2899675
2013,NY-606,668306
2013,OH-506,4478816
2013,OH-507,14128219
2013,NY-510,227361
2013,NY-509,4504
2013,NY-517,83701
2013,OH-500,14114210
2013,OH-502,24735486
2013,OH-503,9803787
2013,OH-508,2355797
2013,OH-501,4241159
2013,OH-504,2075900
2013,NY-604,13659470
2013,NY-516,167662
2013,NY-519,432767
2013,NY-602,2408961
2013,NY-504,401405
2013,NY-518,3505546
2013,NY-514,237502
2013,NY-601,1377571
2013,NY-513,177938
2013,NY-520,55755
2013,NY-608,1188808
2013,NY-522,1252593
2013,NY-607,492982
2013,MO-503,278241
2013,MO-602,604428
2013,MO-500,1017846
2013,MO-600,956702
2013,MO-603,1219717
2013,MO-606,4573117
2013,MS-500,1638375
2013,MT-500,2728741
2013,NC-502,1002672
2013,MO-501,10702976
2013,MS-501,3363635
2013,MS-503,750803
2013,MO-604,9780986
2013,MN-500,9320519
2013,MN-509,2685148
2013,MN-503,2612220
2013,MI-517,848800
2013,MI-510,1772676
2013,MN-504,334718
2013,MN-501,5777671
2013,MN-502,1923968
2013,MN-508,736283
2013,MN-505,1243570
2013,MN-506,519613
2013,MN-511,884315
2013,NC-506,750284
2013,NH-502,1811518
2013,NJ-508,3071464
2013,NJ-516,723638
2013,NE-501,3672499
2013,NH-500,3314399
2013,NH-501,1214144
2013,NJ-502,640640
2013,NJ-503,2327869
2013,NJ-518,219507
2013,NJ-501,2251002
2013,NJ-513,402645
2013,NJ-510,488972
2013,NE-502,1963549
2013,NC-507,2570526
2013,NC-500,1848619
2013,NC-505,3850340
2013,NC-501,902507
2013,NC-503,4702269
2013,NC-513,547532
2013,NC-516,280465
2013,ND-500,2037177
2013,NE-500,1881170
2013,NC-509,890435
2013,NC-511,816514
2013,NC-504,1781254
2013,VA-504,327823
2013,VA-603,676274
2013,VA-600,1678028
2013,UT-503,1300073
2013,UT-504,1113585
2013,UT-500,5557953
2013,VA-503,1479737
2013,VA-502,773292
2013,VA-500,4072076
2013,VA-505,1943393
2013,VA-501,4073090
2013,VA-601,6759018
2013,TX-701,268731
2013,TX-600,16999505
2013,TX-601,11481731
2013,TX-611,818967
2013,TN-512,512566
2013,TX-607,5627716
2013,TX-700,23322416
2013,TX-603,3078117
2013,TX-604,792593
2013,TX-624,365146
2013,TX-500,7691736
2013,TX-503,5652049
2013,TX-703,824943
2013,VA-514,244957
2013,WI-500,7662718
2013,WI-501,10052370
2013,WI-502,1186021
2013,WA-507,607565
2013,WA-503,2664978
2013,WA-502,3434995
2013,WV-503,1355236
2013,WV-500,433458
2013,WY-500,333139
2013,WI-503,3136757
2013,WV-508,3493059
2013,WV-501,1619904
2013,WA-504,5292225
2013,VA-508,363863
2013,VA-507,1329128
2013,VA-604,687849
2013,VA-513,419698
2013,VA-521,624329
2013,VA-602,155732
2013,WA-500,24149352
2013,WA-501,5466311
2013,WA-508,1236041
2013,VI-500,304072
2013,VT-500,2564523
2013,VT-501,1036589
2013,PA-500,30017783
2013,PA-507,4992351
2013,PA-502,4404288
2013,OR-503,526457
2013,OR-500,2759245
2013,OR-506,2633712
2013,PA-512,1011954
2013,PA-506,2610244
2013,PA-509,5401750
2013,PA-600,15379619
2013,PA-601,5042434
2013,PA-603,1411007
2013,OR-507,1698627
2013,OK-505,301973
2013,OK-501,2692673
2013,OK-507,122654
2013,OH-505,7757022
2013,OK-504,346929
2013,OK-500,316907
2013,OR-502,334590
2013,OR-505,2884937
2013,OR-501,13287142
2013,OK-506,112118
2013,OK-503,542550
2013,OK-502,3038657
2013,PA-501,1612657
2013,TN-501,5944170
2013,TN-500,2814186
2013,TN-504,3273612
2013,SC-501,3854539
2013,SC-502,2814145
2013,SD-500,1283863
2013,TN-502,1380353
2013,TN-506,735912
2013,TN-510,600865
2013,TN-509,1523895
2013,TN-507,1565645
2013,TN-503,1908593
2013,SC-503,1502347
2013,PA-503,3368966
2013,PA-505,1533667
2013,PA-510,2052907
2013,PA-511,840708
2013,PA-602,2635655
2013,PA-508,2363946
2013,PR-502,13162595
2013,RI-500,5011382
2013,SC-500,1593960
2013,PA-605,2142963
2013,PA-504,2199442
2013,PR-503,6307483
2013,MI-515,162878
2013,FL-513,828171
2013,FL-605,5726376
2013,FL-502,3954875
2013,DC-500,20772313
2013,DE-500,6053588
2013,FL-604,505704
2013,FL-516,594239
2013,FL-517,209295
2013,FL-501,5885148
2013,FL-510,4796698
2013,FL-506,1362766
2013,FL-519,795806
2013,CT-508,1682967
2013,CA-614,1045079
2013,CO-504,2169477
2013,CO-503,16538141
2013,CA-607,2958659
2013,CA-608,8258274
2013,CA-511,4503784
2013,CT-502,5967455
2013,CT-512,2163796
2013,CT-506,1363118
2013,CO-500,2955129
2013,CT-505,18548548
2013,CT-503,5315257
2013,FL-503,989191
2013,GA-500,6880234
2013,GA-501,14151120
2013,GA-504,836928
2013,FL-603,2150452
2013,FL-514,242225
2013,FL-505,621146
2013,GA-506,2112882
2013,GA-507,3914975
2013,GA-505,1279722
2013,GA-508,3425665
2013,GA-503,788633
2013,GA-502,2816560
2013,FL-509,1410532
2013,FL-600,32769448
2013,FL-500,800833
2013,FL-606,308064
2013,FL-508,692653
2013,FL-518,278346
2013,FL-601,10246854
2013,FL-512,208264
2013,FL-511,964894
2013,FL-507,6262507
2013,FL-520,381948
2013,FL-504,1540943
2013,FL-515,42247
2013,AZ-501,8607686
2013,CA-600,81708342
2013,CA-602,16612157
2013,AR-501,186095
2013,AZ-502,27056739
2013,AZ-500,4138665
2013,CA-604,2931445
2013,CA-601,14922829
2013,CA-526,305177
2013,CA-500,12867942
2013,CA-502,26864388
2013,CA-515,1093951
2013,AR-505,342128
2013,AL-501,3880471
2013,AL-507,840589
2013,AL-503,933330
2013,AK-500,2786784
2013,AK-501,809165
2013,AL-500,8231412
2013,AL-506,362415
2013,AR-500,3973969
2013,AR-503,236940
2013,AL-502,561596
2013,AL-505,33368
2013,AL-504,2164313
2013,CA-505,10528833
2013,CA-512,6306988
2013,CA-521,462040
2013,CA-603,1288926
2013,CA-506,2208219
2013,CA-520,540739
2013,CA-508,1804276
2013,CA-606,7072207
2013,CA-611,1850632
2013,CA-503,16005444
2013,CA-609,6897293
2013,CA-509,1757369
2013,CA-612,2258698
2013,CA-513,1020865
2013,CA-504,2584293
2013,CA-507,2700556
2013,CA-517,548879
2013,CA-518,991399
2013,CA-522,687123
2013,CA-514,5892881
2013,CA-516,373349
2013,CA-510,3139167
2013,CA-525,15972
2013,CA-519,577740
2013,CA-613,205945
2013,CA-501,23729898
2013,MD-501,21685343
2013,MD-505,2533424
2013,MD-500,838702
2013,MA-511,3539247
2013,MA-504,2151442
2013,MD-509,614652
2013,MD-507,299390
2013,MD-511,730588
2013,MD-601,7724004
2013,MD-503,2360852
2013,MD-508,2325304
2013,MD-506,380891
2013,MA-505,1944214
2013,MA-519,933536
2013,MA-506,6563988
2013,MA-516,9901015
2013,MA-500,23726531
2013,MA-509,3862794
2013,MA-517,2373769
2013,MA-507,1622933
2013,MA-508,859240
2013,MA-502,1940153
2013,MA-515,1886619
2013,MA-520,1104030
2013,MA-513,1810830
2013,MD-510,303678
2013,MI-503,1374874
2013,MI-516,496904
2013,MI-506,4911462
2013,MI-507,1843712
2013,MI-519,934149
2013,MI-502,3472886
2013,MI-508,2137258
2013,MI-511,140633
2013,MI-518,235318
2013,MI-505,2267163
2013,MI-512,682598
2013,MI-514,376198
2013,MI-523,768030
2013,MD-512,591281
2013,MD-513,1154411
2013,ME-502,3338933
2013,MD-502,823199
2013,MD-504,908835
2013,MD-600,5138466
2013,MI-504,5315324
2013,MI-501,24510150
2013,MI-509,4403709
2013,ME-500,7605134
2013,MI-513,233808
2013,MI-500,8279951
2013,IL-518,909152
2013,IL-506,3260743
2013,IL-515,990379
2013,IL-520,1037964
2013,IL-508,3173562
2013,IL-512,1155290
2013,IL-517,1478376
2013,IL-516,880481
2013,IL-509,628342
2013,IL-507,1619438
2013,IL-504,2208586
2013,IL-503,757495
2013,IL-511,11086025
2013,IA-501,4763248
2013,IA-500,843287
2013,IA-502,2783010
2013,GU-500,1227443
2013,HI-501,9686226
2013,HI-500,1742076
2013,IL-514,4034921
2013,IL-513,514294
2013,IL-502,2099925
2013,ID-500,1018857
2013,ID-501,3083878
2013,IL-510,57973982
2013,IL-500,930302
2013,LA-503,16159869
2013,LA-501,340394
2013,LA-507,684694
2013,LA-500,2735010
2013,LA-504,2021839
2013,LA-502,3875056
2013,MA-510,1796552
2013,MA-518,1529848
2013,MA-503,1671165
2013,LA-505,1514190
2013,LA-508,1204320
2013,LA-506,2228131
2013,KY-500,8611938
2013,IN-500,1658389
2013,IN-503,4281717
2013,KS-502,2457564
2013,IL-519,610570
2013,IL-501,1597287
2013,IN-502,9111779
2013,KS-501,1637882
2013,KY-502,1502532
2013,KY-501,8488029
2013,KS-505,595449
2013,KS-507,2634031
2013,KS-503,1949973
2012,NY-510,227316
2012,NY-524,177376
2012,NY-604,13933265
2012,NY-523,1219944
2012,NY-600,113178205
2012,NY-602,2253323
2012,NY-500,9584780
2012,NY-606,427069
2012,NY-503,4489644
2012,NY-501,1221007
2012,NY-507,3292381
2012,NY-511,1275151
2012,NY-518,3313194
2012,NJ-504,4807094
2012,NJ-500,364278
2012,NJ-511,2349756
2012,NJ-510,234008
2012,NJ-507,1043613
2012,NJ-502,538548
2012,NJ-512,146161
2012,NV-500,6584649
2012,NV-501,1657885
2012,NV-502,731390
2012,NJ-505,372227
2012,NM-500,5161457
2012,NM-501,3771629
2012,OH-501,4287052
2012,OH-503,9710533
2012,OH-502,24286208
2012,NY-514,253399
2012,NY-516,169981
2012,NY-517,83701
2012,OH-505,7972282
2012,OH-504,2213411
2012,OH-506,4177235
2012,OK-502,2421062
2012,OH-508,2164641
2012,OH-500,13289442
2012,OH-507,13648468
2012,NY-601,1393529
2012,NY-520,101334
2012,NY-502,295588
2012,NY-607,471694
2012,NY-519,354806
2012,NY-505,9155843
2012,NY-522,849464
2012,NY-603,10675672
2012,NY-513,178430
2012,NY-508,8190480
2012,NY-512,2886817
2012,NY-504,417058
2012,NY-608,1242590
2012,MO-503,313767
2012,MO-600,945455
2012,MS-500,1609532
2012,MO-604,9227688
2012,MO-603,1087881
2012,MO-501,11004954
2012,MS-501,3767108
2012,NC-500,1797790
2012,NC-505,3651972
2012,NC-503,4501964
2012,MS-503,736128
2012,MT-500,2648326
2012,NC-509,911287
2012,MN-503,2679567
2012,MN-509,2732733
2012,MN-501,5732283
2012,MN-502,1783511
2012,MN-505,1211306
2012,MN-506,492240
2012,MN-508,747470
2012,MO-606,4577880
2012,MO-500,906139
2012,MO-602,622420
2012,MN-504,340618
2012,MN-500,8896560
2012,MN-511,863151
2012,NJ-515,3762939
2012,NJ-513,345966
2012,NJ-503,1386845
2012,NH-502,1833484
2012,NH-500,3133682
2012,NJ-508,2623408
2012,NJ-516,592807
2012,NJ-518,144812
2012,NJ-514,2051636
2012,NJ-520,102254
2012,NJ-509,1104478
2012,NJ-501,2311037
2012,NJ-506,3475962
2012,NC-506,725082
2012,NC-502,833976
2012,NC-516,286529
2012,NC-511,816914
2012,NC-501,1071814
2012,NC-513,483339
2012,NC-504,1768826
2012,NE-500,1904146
2012,NE-501,3640181
2012,NH-501,1233926
2012,NC-507,2611039
2012,ND-500,2061023
2012,NE-502,1961670
2012,VA-600,1697234
2012,VA-603,661023
2012,VA-502,862581
2012,UT-503,1365300
2012,VA-501,4071335
2012,VA-602,159205
2012,VA-507,1380913
2012,VA-509,189584
2012,VA-510,86882
2012,VA-503,1426858
2012,VA-508,373924
2012,VA-604,680008
2012,VA-500,4024468
2012,TX-501,979595
2012,TX-701,261758
2012,TX-604,733490
2012,TX-700,25433318
2012,TX-601,11784744
2012,TX-603,2931473
2012,TX-703,804502
2012,TX-504,283666
2012,UT-504,1183509
2012,UT-500,5678852
2012,TX-607,3706467
2012,TX-503,5454086
2012,TX-611,861646
2012,WA-504,5214960
2012,WI-503,3142997
2012,WI-501,10638209
2012,WA-502,3473641
2012,WA-508,1212396
2012,WA-501,5489525
2012,WI-500,7161760
2012,WV-501,1627195
2012,WV-503,1333160
2012,WY-500,340815
2012,WI-502,1155033
2012,WV-508,2310119
2012,WV-500,437747
2012,VA-517,68480
2012,VA-601,6587692
2012,VA-521,272700
2012,VA-513,415474
2012,VA-504,356694
2012,VA-514,213335
2012,VA-505,1943137
2012,WA-500,23862790
2012,WA-503,2866778
2012,WA-507,542495
2012,VI-500,603382
2012,VT-501,930617
2012,VT-500,2600855
2012,PA-507,4312293
2012,PA-509,5281166
2012,PA-601,5056771
2012,OR-506,2351137
2012,PA-600,13583191
2012,PA-603,1380850
2012,PA-500,30384189
2012,PA-504,2348321
2012,PA-508,2538942
2012,PA-510,1455820
2012,PA-605,2194681
2012,PA-506,2757595
2012,PA-502,4332127
2012,OK-505,184774
2012,OK-506,119699
2012,OK-507,129109
2012,OK-503,678376
2012,OK-500,251989
2012,OK-504,325278
2012,OK-501,2669484
2012,OR-505,2873713
2012,OR-502,333532
2012,OR-503,524105
2012,OR-507,1692208
2012,OR-501,13059815
2012,OR-500,2735743
2012,TN-502,1361618
2012,TN-509,1406622
2012,TN-506,675432
2012,SD-500,1420496
2012,TN-504,3635273
2012,TN-500,2826387
2012,TN-510,594804
2012,TN-507,1691319
2012,TX-600,15663757
2012,TX-500,7190301
2012,TN-512,210306
2012,TN-503,1921338
2012,TN-501,6392034
2012,PA-501,1076667
2012,PA-503,3467716
2012,PA-512,769748
2012,PA-602,2619134
2012,PA-505,1551258
2012,PA-511,960756
2012,PR-502,12123249
2012,SC-500,1362927
2012,SC-503,1408173
2012,SC-501,3830396
2012,PR-503,5059927
2012,RI-500,5032499
2012,SC-502,2356609
2012,FL-507,6222226
2012,FL-505,61853
2012,FL-510,5110024
2012,CT-508,1721128
2012,DC-500,20404829
2012,DE-500,6437700
2012,FL-520,390205
2012,FL-605,5161685
2012,FL-602,231246
2012,FL-508,744616
2012,FL-601,10117408
2012,FL-502,4023748
2012,FL-506,1204042
2012,CA-513,611724
2012,CO-500,3028040
2012,CO-503,16034979
2012,CA-526,133444
2012,CA-510,2865913
2012,CA-605,1213540
2012,CO-504,2063205
2012,CT-501,6187459
2012,CT-503,5062537
2012,CT-505,12182632
2012,CT-502,5437817
2012,CT-512,2106226
2012,CT-506,1400730
2012,FL-500,843901
2012,FL-519,287860
2012,GA-501,12812525
2012,FL-517,201534
2012,FL-518,201881
2012,FL-504,1362390
2012,GA-506,2155870
2012,GA-504,681567
2012,GA-505,1360074
2012,GU-500,1341264
2012,GA-500,11530171
2012,GA-507,3940548
2012,GA-503,803337
2012,FL-512,208264
2012,FL-503,1266347
2012,FL-501,5511190
2012,FL-600,31821784
2012,FL-511,1004436
2012,FL-606,315368
2012,FL-603,2164377
2012,FL-514,243341
2012,FL-515,44470
2012,FL-516,659801
2012,FL-509,1295649
2012,FL-513,871759
2012,FL-604,531964
2012,AZ-502,25211347
2012,CA-600,77770840
2012,CA-507,2616669
2012,AR-505,363830
2012,AZ-501,8448988
2012,AZ-500,3874934
2012,CA-518,1168910
2012,CA-501,22294094
2012,CA-505,9142997
2012,CA-603,1421640
2012,CA-611,776645
2012,CA-511,5680431
2012,CA-607,2977736
2012,AL-502,581328
2012,AL-503,898889
2012,AL-500,8538807
2012,AK-500,2996026
2012,AK-501,861769
2012,AL-501,3670449
2012,AL-504,2244559
2012,AR-500,3799542
2012,AR-503,256371
2012,AR-504,319137
2012,AL-505,28810
2012,AL-506,332427
2012,AL-507,849945
2012,CA-614,1031601
2012,CA-522,765260
2012,CA-500,10438221
2012,CA-516,373349
2012,CA-506,1948587
2012,CA-602,14794134
2012,CA-502,24143572
2012,CA-608,8145280
2012,CA-517,514231
2012,CA-503,15150893
2012,CA-512,6049296
2012,CA-606,6955801
2012,CA-525,13339
2012,CA-508,1731164
2012,CA-520,396204
2012,CA-612,2454670
2012,CA-609,4413825
2012,CA-519,495361
2012,CA-514,5733523
2012,CA-504,2778752
2012,CA-613,216784
2012,CA-509,1902703
2012,CA-604,2787956
2012,CA-515,1130837
2012,CA-521,427867
2012,CA-601,15511675
2012,MD-513,1229127
2012,MD-508,2212663
2012,MD-505,2532952
2012,MD-501,22884452
2012,MD-504,886698
2012,MD-601,7569536
2012,MD-509,637036
2012,MD-506,402272
2012,MD-500,821783
2012,MD-511,772360
2012,MD-502,866786
2012,MD-510,302204
2012,MD-600,4820390
2012,MA-507,1500724
2012,MA-502,2066530
2012,MA-517,2334299
2012,MA-504,2031051
2012,MA-511,3524798
2012,MA-520,1089607
2012,MA-505,1921095
2012,MA-513,1799213
2012,MA-503,1697414
2012,MA-518,1204639
2012,MA-509,3838728
2012,MA-500,24278700
2012,MA-508,858455
2012,MI-502,3379469
2012,MI-512,640895
2012,MI-506,4910366
2012,MI-518,222058
2012,MI-511,140381
2012,MI-504,5217522
2012,MI-519,908417
2012,MI-514,416579
2012,MI-503,1303800
2012,MI-515,162878
2012,MI-513,246083
2012,MI-509,4286865
2012,MI-523,794102
2012,ME-502,3314472
2012,ME-500,7652961
2012,MI-501,22777182
2012,MD-507,292854
2012,MD-503,2360347
2012,MD-512,549402
2012,MI-507,1843581
2012,MI-517,827133
2012,MI-508,2167604
2012,MI-500,7872514
2012,MI-505,2174822
2012,MI-516,474306
2012,MI-510,1745654
2012,IL-514,4014362
2012,IL-518,706070
2012,IL-507,1679537
2012,IL-506,3142826
2012,IL-517,1406213
2012,IL-502,2041643
2012,IL-503,861712
2012,IL-515,987718
2012,IL-504,2211204
2012,IL-501,1555638
2012,IL-500,900825
2012,IL-512,1284129
2012,IL-519,616486
2012,IA-502,2858105
2012,IA-501,4797333
2012,ID-501,3046412
2012,HI-500,1749479
2012,HI-501,19441078
2012,IA-500,816747
2012,ID-500,1023366
2012,IL-520,961667
2012,IL-509,580791
2012,IL-511,9589819
2012,IL-508,2996459
2012,IL-510,52317876
2012,IL-513,656273
2012,LA-500,2745772
2012,LA-503,15649574
2012,LA-508,1252035
2012,LA-502,3477723
2012,LA-504,1988926
2012,LA-507,677498
2012,LA-505,1507435
2012,MA-515,1946729
2012,MA-519,892291
2012,MA-506,6384217
2012,LA-501,462286
2012,MA-510,1549304
2012,MA-516,9985178
2012,IN-500,1527211
2012,KS-507,2477400
2012,KS-501,1181644
2012,IL-516,862078
2012,IN-503,4019103
2012,IN-502,11927235
2012,KS-502,2396717
2012,KY-500,8431992
2012,KY-501,8912902
2012,LA-506,2337252
2012,KS-503,1999337
2012,KS-505,442041
2012,KY-502,1567957
2011,NY-500,10108004
2011,NY-524,167652
2011,NY-507,2957528
2011,NY-600,110168768
2011,NY-604,13727194
2011,NY-510,228930
2011,NY-605,6789866
2011,NY-606,845716
2011,NY-505,8432900
2011,NY-501,1456452
2011,NY-511,1030754
2011,NY-518,3244492
2011,NY-503,3978898
2011,NJ-500,359643
2011,NJ-515,3920199
2011,NJ-505,369499
2011,NJ-504,6854582
2011,NJ-502,586037
2011,NJ-511,3412979
2011,NJ-512,142561
2011,NV-500,6630235
2011,NV-501,1747701
2011,NV-502,650713
2011,NJ-508,2938817
2011,NM-501,3792639
2011,NM-500,4923311
2011,NY-601,1254896
2011,OH-503,9264931
2011,OH-502,24585373
2011,OH-505,7291891
2011,NY-602,2233842
2011,NY-516,178297
2011,NY-517,82137
2011,OH-508,2196203
2011,OH-506,4095660
2011,OH-501,4569422
2011,OK-502,2525608
2011,OH-507,13901357
2011,OH-500,11818598
2011,OH-504,1907277
2011,NY-603,4601960
2011,NY-502,334577
2011,NY-512,2482625
2011,NY-519,235857
2011,NY-607,452362
2011,NY-520,52505
2011,NY-522,1111223
2011,NY-513,479793
2011,NY-514,144295
2011,NY-523,1066506
2011,NY-608,1219398
2011,NY-504,425396
2011,NY-508,9101839
2011,MO-503,255943
2011,MO-606,4649522
2011,MO-600,942043
2011,MO-602,586261
2011,MO-603,1030119
2011,MO-501,9376678
2011,MS-500,1431344
2011,NC-500,1709412
2011,NC-509,868767
2011,NC-503,7607146
2011,MS-501,3553386
2011,MS-503,675593
2011,MT-500,2744642
2011,MN-509,2833799
2011,MN-503,2485556
2011,MN-501,5060631
2011,MI-515,162082
2011,MN-505,1064951
2011,MN-506,396370
2011,MN-508,643750
2011,MN-502,1668754
2011,MO-500,2380841
2011,MO-604,8150189
2011,MN-500,8964281
2011,MN-504,327999
2011,MN-511,566514
2011,NC-505,3893592
2011,NJ-503,2249062
2011,NJ-516,553044
2011,NJ-501,4310980
2011,NH-502,1723139
2011,NH-500,3158317
2011,NJ-513,363672
2011,NJ-509,1548509
2011,NJ-520,266262
2011,NJ-510,800680
2011,NJ-507,1649089
2011,NJ-506,5279329
2011,NJ-518,364708
2011,NJ-514,2589640
2011,NC-513,474695
2011,NC-502,900911
2011,NC-516,259684
2011,NC-511,780231
2011,NC-501,1053989
2011,NC-506,758099
2011,NC-504,1570421
2011,NE-500,1641426
2011,NE-501,2481479
2011,NH-501,1174314
2011,NC-507,2727871
2011,ND-500,1979410
2011,NE-502,1750518
2011,OK-503,684450
2011,VA-603,648527
2011,VA-507,1331625
2011,VA-502,760223
2011,UT-504,1135371
2011,VA-602,170815
2011,VA-600,1473366
2011,VA-508,350410
2011,VA-503,1339803
2011,VA-510,79987
2011,VA-513,380324
2011,VA-604,680460
2011,VA-500,3438318
2011,VA-509,180657
2011,TX-604,997435
2011,TX-702,176134
2011,TX-607,5405104
2011,TX-603,2716078
2011,TX-501,1012724
2011,TX-701,259686
2011,TX-703,768502
2011,TX-504,290439
2011,UT-500,4792402
2011,UT-503,1412569
2011,TX-503,4712773
2011,TX-610,609336
2011,TX-611,617181
2011,VA-504,341884
2011,WA-500,22824611
2011,WI-501,11457404
2011,WI-503,3092985
2011,WA-502,3219401
2011,WA-508,962879
2011,WA-504,4836610
2011,WI-500,7455071
2011,WV-501,1806372
2011,WV-503,1284545
2011,WY-500,338517
2011,WI-502,1207765
2011,WV-508,2553289
2011,WV-500,423804
2011,VA-518,42000
2011,VA-501,3611401
2011,VA-505,1756176
2011,VA-514,213507
2011,VA-601,5985894
2011,VA-517,67200
2011,VA-521,195674
2011,WA-503,3175831
2011,WA-507,480474
2011,WA-501,5367660
2011,VI-500,168352
2011,VT-501,934048
2011,VT-500,2762046
2011,PA-509,4718813
2011,PA-506,2264459
2011,PA-605,2328812
2011,PA-507,4477566
2011,PA-601,5090332
2011,PA-603,1239871
2011,PA-502,4191577
2011,PA-602,2443932
2011,PA-505,1547252
2011,PA-600,13911349
2011,PA-504,2558706
2011,PA-508,2284765
2011,PA-510,2231546
2011,OK-506,117413
2011,OK-501,2582158
2011,OR-501,11096445
2011,OK-500,365625
2011,OK-504,307459
2011,OK-505,419552
2011,OR-505,2654586
2011,OR-506,2103875
2011,OR-507,1424390
2011,PA-500,29007318
2011,OR-500,2356894
2011,OR-502,320931
2011,OR-503,328502
2011,PA-503,3697866
2011,TN-510,560306
2011,TN-512,761338
2011,TN-503,1902765
2011,TN-502,1240464
2011,TN-509,1315449
2011,TN-506,794469
2011,TN-501,5610742
2011,TX-500,6974144
2011,TX-624,704756
2011,TX-601,10813627
2011,TN-507,1370847
2011,TX-600,15218628
2011,TX-700,23924905
2011,PR-503,6661850
2011,PR-502,11893484
2011,RI-500,5964096
2011,PA-501,1214412
2011,PA-511,1081417
2011,PA-512,1140532
2011,SC-502,2593737
2011,SD-500,1631612
2011,TN-500,2440167
2011,TN-504,3757565
2011,SC-500,1553153
2011,SC-503,1468566
2011,SC-501,3774412
2011,DC-500,20539506
2011,DE-500,5468405
2011,FL-502,4199590
2011,CT-503,4957987
2011,CT-508,1653286
2011,CT-502,5200569
2011,FL-510,4593530
2011,FL-520,270863
2011,FL-605,4931779
2011,FL-506,1199272
2011,FL-600,29438528
2011,FL-601,9555151
2011,FL-505,621146
2011,CA-526,240927
2011,CA-605,1174370
2011,CA-513,1335250
2011,CA-510,3171099
2011,CA-517,502920
2011,CA-525,13339
2011,CO-503,15140015
2011,CT-506,1441345
2011,CT-505,11304248
2011,CT-501,6020985
2011,CO-500,3172936
2011,CO-504,1868716
2011,CT-512,1711048
2011,FL-508,900916
2011,FL-518,208868
2011,FL-500,689844
2011,FL-519,1014276
2011,FL-516,195138
2011,FL-517,201534
2011,FL-504,1381650
2011,GA-501,14473469
2011,GA-503,666901
2011,GA-504,964781
2011,GA-505,1284759
2011,GA-506,1967449
2011,GA-500,10519583
2011,GA-507,3587385
2011,FL-501,5252836
2011,FL-512,208264
2011,FL-503,1147842
2011,FL-602,220643
2011,FL-511,1126176
2011,FL-606,330761
2011,FL-603,2230767
2011,FL-514,250430
2011,FL-507,5699557
2011,FL-515,45222
2011,FL-509,1489624
2011,FL-513,860271
2011,FL-604,502634
2011,AZ-500,3499906
2011,AZ-502,23958995
2011,AZ-501,7864226
2011,AR-504,303820
2011,AR-505,318733
2011,AR-507,31824
2011,CA-507,2568788
2011,CA-611,760228
2011,CA-505,9065428
2011,CA-607,2995159
2011,CA-501,20180001
2011,CA-600,88177272
2011,CA-518,1087032
2011,AL-503,878472
2011,AL-500,8554355
2011,AL-504,2078352
2011,AK-500,2810620
2011,AK-501,767646
2011,AL-502,569005
2011,AL-505,29297
2011,AR-500,3507891
2011,AR-501,676733
2011,AR-503,1486855
2011,AL-506,577095
2011,AL-507,2084759
2011,AL-501,3628515
2011,CA-511,4412709
2011,CA-613,169864
2011,CA-506,2095413
2011,CA-516,330867
2011,CA-509,1871804
2011,CA-502,23139846
2011,CA-500,11800545
2011,CA-606,7272672
2011,CA-503,14895949
2011,CA-608,7546621
2011,CA-523,111173
2011,CA-614,958730
2011,CA-522,638308
2011,CA-512,6110450
2011,CA-514,6180804
2011,CA-601,15757584
2011,CA-508,1666085
2011,CA-609,7465574
2011,CA-603,1693870
2011,CA-519,481294
2011,CA-520,559779
2011,CA-604,5114450
2011,CA-515,1018741
2011,CA-521,462371
2011,CA-612,2566944
2011,CA-504,2318634
2011,CA-602,16289183
2011,GU-500,1125484
2011,MD-513,1014549
2011,MD-505,2500605
2011,MD-509,647218
2011,MA-510,1654156
2011,MD-601,7205447
2011,MD-508,1945953
2011,MD-502,808056
2011,MD-506,389191
2011,MD-500,743402
2011,MD-511,643424
2011,MD-600,4834828
2011,MD-510,234315
2011,MD-501,23074588
2011,MA-509,3539305
2011,MA-502,2075904
2011,MA-507,490673
2011,MA-500,21591468
2011,MA-520,866203
2011,MA-517,2414561
2011,MA-505,1850842
2011,MA-503,1520907
2011,MA-513,1822092
2011,MA-518,1439017
2011,MA-512,620045
2011,MA-508,869161
2011,MA-516,8672651
2011,MD-507,273102
2011,MI-504,4867740
2011,MI-502,3715054
2011,MI-506,4924452
2011,MI-508,2029514
2011,MI-518,212066
2011,MI-511,119291
2011,MI-512,637034
2011,MI-503,1303894
2011,MI-523,793640
2011,MI-514,414860
2011,MI-519,930780
2011,MI-513,245723
2011,MI-509,4063298
2011,ME-501,1451977
2011,ME-502,3044621
2011,ME-500,6055008
2011,MD-503,2084472
2011,MD-512,540995
2011,MD-504,679196
2011,MI-501,24289188
2011,MI-510,1658250
2011,MI-517,801593
2011,MI-500,8074715
2011,MI-505,2472805
2011,MI-507,1635412
2011,MI-516,516914
2011,IL-518,1330274
2011,IL-507,1534301
2011,IL-500,910018
2011,IL-506,2962141
2011,IL-502,2073815
2011,IL-514,3675721
2011,IL-503,861835
2011,IL-504,2017042
2011,IL-501,1672694
2011,IL-508,2789497
2011,IL-512,1254478
2011,IL-519,680675
2011,IL-515,1018024
2011,IA-502,2950347
2011,IA-501,4674913
2011,ID-501,2820752
2011,HI-500,2145731
2011,HI-501,9448072
2011,IA-500,823307
2011,ID-500,942003
2011,IL-520,1070004
2011,IL-509,596122
2011,IL-517,1357938
2011,IL-510,53546555
2011,IL-511,9718283
2011,IL-513,658620
2011,IL-516,859859
2011,LA-500,2435925
2011,LA-508,1265590
2011,LA-505,1302541
2011,LA-504,1827302
2011,LA-503,14556516
2011,LA-507,712943
2011,LA-501,411503
2011,MA-501,1611027
2011,MA-504,1902569
2011,MA-511,3184421
2011,MA-506,5882768
2011,MA-515,1868194
2011,MA-519,828429
2011,KS-507,2587704
2011,KS-501,1024484
2011,KS-502,2359244
2011,IN-502,13589159
2011,IN-500,1733439
2011,IN-503,4668238
2011,KS-503,1918064
2011,KY-501,8179986
2011,LA-506,2195874
2011,LA-502,3379558
2011,KS-505,403381
2011,KY-502,1573492
2011,KY-500,8637828
2010,NY-507,2799411
2010,NY-510,228930
2010,NY-600,108503920
2010,NV-502,576134
2010,NV-500,6545590
2010,NY-500,9683629
2010,NY-605,8077598
2010,NY-505,8362877
2010,NY-518,3264407
2010,NY-606,395443
2010,NY-524,168636
2010,NY-511,1578236
2010,NY-503,3899887
2010,NV-501,1630614
2010,NJ-502,616659
2010,NJ-511,3267676
2010,NJ-515,4265859
2010,NJ-510,781140
2010,NJ-504,7541111
2010,NJ-507,1522739
2010,NJ-500,530274
2010,NJ-513,362846
2010,NM-501,3884660
2010,NM-500,4840903
2010,NJ-508,2574626
2010,NJ-505,368949
2010,NJ-512,142561
2010,NY-517,82137
2010,OH-502,24051470
2010,OH-507,13710292
2010,NY-602,2025603
2010,NY-514,142051
2010,NY-516,177534
2010,OH-505,7288092
2010,OH-506,4006322
2010,OH-501,4302949
2010,OH-503,8939274
2010,OH-500,11925790
2010,OH-508,2111812
2010,OH-504,1794024
2010,NY-523,1001328
2010,NY-519,228817
2010,NY-607,455286
2010,NY-512,2178644
2010,NY-501,1333315
2010,NY-601,1239048
2010,NY-603,4349797
2010,NY-502,334978
2010,NY-504,421280
2010,NY-513,481413
2010,NY-604,11365188
2010,NY-522,286824
2010,NY-608,1128795
2010,NY-508,6507697
2010,NJ-520,212368
2010,MO-600,935513
2010,MO-604,8847295
2010,MO-500,2558662
2010,MO-501,8608912
2010,MO-503,220832
2010,MO-606,4587814
2010,MS-500,1447014
2010,NC-503,7002605
2010,NC-505,3719337
2010,NC-511,778844
2010,MS-501,2965274
2010,MS-503,619729
2010,MT-500,2774883
2010,MO-603,983189
2010,MN-503,1550052
2010,MN-501,5009442
2010,MN-500,8666004
2010,MI-515,161960
2010,MN-509,2412332
2010,MN-506,297797
2010,MN-508,598459
2010,MN-502,1679612
2010,MN-505,902657
2010,MO-602,615565
2010,MN-510,877779
2010,MN-504,299393
2010,MN-511,535642
2010,NH-502,1724536
2010,NH-500,3085074
2010,NJ-503,2230200
2010,NE-501,2464338
2010,NE-502,1748027
2010,NH-501,1075706
2010,NJ-516,355321
2010,NJ-518,306447
2010,NJ-514,2258541
2010,NJ-519,151715
2010,NJ-501,4569816
2010,NJ-506,5043388
2010,NJ-509,1521744
2010,NE-500,324522
2010,NC-502,881945
2010,NC-504,1574731
2010,NC-516,259684
2010,NC-501,971789
2010,NC-506,755119
2010,NC-513,508315
2010,NC-507,2773516
2010,NE-504,340327
2010,NE-505,180186
2010,NE-506,149238
2010,NC-500,1644608
2010,NC-509,814894
2010,ND-500,1785299
2010,VA-502,932339
2010,VA-508,350290
2010,VA-604,680460
2010,VA-600,1374688
2010,VA-507,1194735
2010,VA-603,624487
2010,VA-500,3462304
2010,VA-512,191238
2010,VA-513,389462
2010,VA-504,328936
2010,VA-509,180657
2010,VA-503,1333127
2010,VA-510,76187
2010,UT-504,1166361
2010,TX-703,754210
2010,TX-503,4366827
2010,TX-700,22019175
2010,TX-604,822328
2010,TX-702,176134
2010,TX-607,3377341
2010,TX-704,1550149
2010,TX-504,336807
2010,UT-500,4572275
2010,UT-503,645486
2010,TX-600,14888299
2010,TX-610,609336
2010,TX-611,553016
2010,WA-507,466736
2010,WI-500,7584330
2010,WI-501,11106505
2010,WA-500,22487165
2010,WA-504,4938718
2010,WA-503,3046323
2010,WI-503,3032411
2010,WV-501,1691914
2010,WV-503,1261572
2010,WY-500,338517
2010,WI-502,1204121
2010,WV-508,2483002
2010,WV-500,423804
2010,WA-508,911444
2010,VA-501,3035075
2010,VA-518,42000
2010,VA-505,1742122
2010,VA-601,5624478
2010,VA-514,207242
2010,VA-517,67200
2010,VA-521,527219
2010,VT-500,2855490
2010,WA-501,5031594
2010,WA-502,3053232
2010,VA-602,170815
2010,VI-500,234290
2010,VT-501,955612
2010,TX-701,489920
2010,PA-605,2114977
2010,PA-502,4062364
2010,PA-504,2368185
2010,OR-507,1495463
2010,PA-509,4558957
2010,PA-506,1958279
2010,PA-508,1918449
2010,PA-602,2303437
2010,PA-505,1562530
2010,PA-503,3690635
2010,PA-510,1920313
2010,PA-500,28313728
2010,PA-600,13151773
2010,OR-501,10330595
2010,OK-504,264111
2010,OK-505,365203
2010,OK-501,2582159
2010,OK-502,2397226
2010,OK-500,251906
2010,OK-503,685410
2010,OK-506,117935
2010,OR-503,327641
2010,OR-504,954195
2010,OR-506,2128799
2010,OR-505,1525921
2010,OR-500,2325059
2010,OR-502,317558
2010,TN-503,1874382
2010,TN-512,71384
2010,TN-501,5634471
2010,TN-509,1321902
2010,TN-506,833022
2010,TN-510,560390
2010,TN-507,1158647
2010,TX-601,10299612
2010,TX-603,3754592
2010,TX-501,1012724
2010,TN-504,3784209
2010,TN-500,2391062
2010,TX-500,6694485
2010,TN-502,1240464
2010,PA-601,4793283
2010,PA-603,1233551
2010,PR-503,13585590
2010,PA-511,1054777
2010,PA-501,1277914
2010,PA-507,5467063
2010,PR-502,12083267
2010,SC-503,1369355
2010,SC-501,3612020
2010,SD-500,1621502
2010,RI-500,5917987
2010,SC-502,2302498
2010,SC-500,1518068
2010,CT-512,1614797
2010,DC-500,19519271
2010,DE-500,5350441
2010,CT-509,1917286
2010,CT-510,348848
2010,CT-502,5260222
2010,FL-505,620167
2010,FL-508,888903
2010,FL-602,226883
2010,FL-511,1090701
2010,FL-605,4972262
2010,FL-520,78143
2010,FL-506,1003336
2010,CT-508,1662010
2010,CA-507,2542302
2010,CA-513,1335319
2010,CO-503,14839177
2010,CA-605,1287913
2010,CA-526,236278
2010,CA-528,47158
2010,CO-500,3186053
2010,CT-505,7234941
2010,CT-501,5656045
2010,CT-503,4842535
2010,CO-504,1840015
2010,CT-506,1454162
2010,CT-500,993905
2010,FL-510,4631402
2010,FL-502,4036618
2010,FL-519,527114
2010,FL-517,168190
2010,FL-518,157935
2010,FL-500,707364
2010,FL-601,9579307
2010,GA-503,687565
2010,GA-501,13258567
2010,GA-504,572677
2010,GA-506,1681045
2010,GA-500,10019529
2010,GA-507,3554721
2010,FL-504,1420072
2010,FL-512,152400
2010,FL-603,2166738
2010,FL-509,1402296
2010,FL-606,412601
2010,FL-501,5015502
2010,FL-503,1244179
2010,FL-513,860271
2010,FL-514,169785
2010,FL-515,45222
2010,FL-516,854850
2010,FL-507,5142569
2010,FL-604,474563
2010,FL-600,29690116
2010,CA-610,5583965
2010,AZ-502,23951097
2010,AZ-501,7824040
2010,CA-501,19785634
2010,AR-505,494688
2010,AR-507,33648
2010,AZ-500,3628142
2010,CA-600,84186342
2010,CA-607,3069817
2010,CA-511,3582836
2010,CA-609,7455200
2010,CA-518,1056625
2010,CA-505,8914268
2010,CA-611,1147655
2010,AR-504,303820
2010,AL-500,8484542
2010,AL-503,576003
2010,AL-504,2075341
2010,AK-500,2717670
2010,AK-501,762663
2010,AL-502,520531
2010,AL-505,29297
2010,AR-500,3633455
2010,AR-501,671718
2010,AR-503,221600
2010,AL-506,357763
2010,AL-507,447967
2010,AL-501,3466744
2010,CA-613,169864
2010,CA-503,14889886
2010,CA-516,238787
2010,CA-509,1905504
2010,CA-606,7290372
2010,CA-506,1934739
2010,CA-512,5945802
2010,CA-510,2710897
2010,CA-523,141173
2010,CA-517,469268
2010,CA-608,6417347
2010,CA-522,637142
2010,CA-614,955567
2010,CA-521,461285
2010,CA-601,10034865
2010,CA-508,1713368
2010,CA-602,15237296
2010,CA-603,1703560
2010,CA-514,6072991
2010,CA-519,496091
2010,CA-502,22596846
2010,CA-500,10857800
2010,CA-604,4880388
2010,CA-515,1012866
2010,CA-504,2444980
2010,CA-520,572274
2010,CA-612,2529888
2010,MD-513,993344
2010,MD-501,23207701
2010,MD-505,2464048
2010,MA-510,1594658
2010,MD-508,1925161
2010,MD-601,6898953
2010,MD-509,615431
2010,MD-506,384225
2010,MD-500,747326
2010,MD-511,659268
2010,MD-502,815847
2010,MD-600,4653222
2010,MD-510,234163
2010,MA-518,1206661
2010,MA-520,672283
2010,MA-517,2408505
2010,MA-502,2050997
2010,MA-504,1935740
2010,MA-511,3044806
2010,MA-509,3294107
2010,MA-507,438162
2010,MA-516,8505582
2010,MA-503,1500319
2010,MA-513,1746355
2010,MA-505,1845627
2010,MA-512,674118
2010,MA-508,869161
2010,MI-501,23821577
2010,MI-512,637394
2010,MI-519,914490
2010,MI-511,122291
2010,MI-502,2479202
2010,MI-506,4781389
2010,MI-509,4067657
2010,MI-514,414860
2010,MI-505,2478923
2010,MI-507,1553471
2010,MI-513,245723
2010,MI-503,951089
2010,MI-523,793256
2010,MI-518,144929
2010,MD-504,661055
2010,ME-501,1471377
2010,ME-502,3300149
2010,MD-503,1973025
2010,MD-507,262000
2010,MD-512,538427
2010,ME-500,6129251
2010,MI-517,801593
2010,MI-508,1884797
2010,MI-504,4709567
2010,MI-516,473339
2010,MI-500,7983258
2010,MI-510,1384910
2010,MA-519,825777
2010,IL-518,1206061
2010,IL-507,1789833
2010,IL-500,884256
2010,IL-506,2960831
2010,IL-502,1988517
2010,IL-514,3685742
2010,IL-503,778603
2010,IL-504,1986180
2010,IL-511,8472305
2010,IL-501,1750644
2010,IL-512,1259732
2010,IL-515,1015264
2010,IL-519,681448
2010,IL-517,1356710
2010,HI-500,1848903
2010,IA-502,2975515
2010,IA-501,5026835
2010,GA-505,1196999
2010,GU-500,1017891
2010,HI-501,9158336
2010,IA-500,833816
2010,IL-505,1097501
2010,IL-510,53553367
2010,IL-509,592018
2010,ID-501,2846230
2010,ID-500,955020
2010,IL-520,993962
2010,LA-503,14666079
2010,LA-500,2327399
2010,LA-507,641272
2010,LA-506,2193549
2010,LA-502,3390530
2010,LA-504,1848610
2010,LA-505,1309145
2010,MA-500,20830874
2010,MA-515,1650348
2010,MA-501,1597116
2010,LA-508,1265590
2010,LA-501,609316
2010,MA-506,5720680
2010,KY-502,1535737
2010,IN-500,1405143
2010,IN-502,12982096
2010,IN-503,4229218
2010,IL-508,2785709
2010,IL-516,853819
2010,IL-513,656037
2010,KS-507,2607236
2010,KS-505,366781
2010,KY-500,8663311
2010,KY-501,7965172
2010,KS-501,991354
2010,KS-502,2093834
2010,KS-503,1950906
2009,NY-524,174733
2009,NY-511,794768
2009,NY-518,3174067
2009,NY-503,3604988
2009,NY-600,102739915
2009,NY-505,7836479
2009,NY-603,3115498
2009,NY-519,227063
2009,NY-607,457735
2009,NY-512,2192535
2009,NY-606,289610
2009,NY-601,1229134
2009,NY-501,1238698
2009,NV-500,6269349
2009,NJ-500,491466
2009,NJ-508,2435410
2009,NJ-505,332058
2009,NJ-502,603186
2009,NJ-515,2978018
2009,NJ-511,2712165
2009,NJ-512,142560
2009,NM-500,4693914
2009,NV-501,1527084
2009,NV-502,366193
2009,NJ-503,2102015
2009,NJ-513,363218
2009,NM-501,3663930
2009,NY-502,187585
2009,OH-505,6441240
2009,OH-500,11439230
2009,OH-508,1944674
2009,NY-507,2628451
2009,NY-517,82137
2009,NY-510,178558
2009,OH-504,1737656
2009,OH-501,4303448
2009,OH-503,8782125
2009,OK-502,2298935
2009,OH-506,3136879
2009,OH-507,12321229
2009,OH-502,23195298
2009,NY-516,124453
2009,NY-608,827266
2009,NY-604,10384692
2009,NY-504,422157
2009,NY-520,105010
2009,NY-508,9789390
2009,NY-522,18375
2009,NY-506,9214
2009,NY-523,845582
2009,NY-602,1957180
2009,NY-514,346040
2009,NY-605,7060215
2009,NY-513,126266
2009,NY-500,9261735
2009,NJ-507,1446123
2009,MO-500,2525172
2009,MS-500,699990
2009,MS-501,2965126
2009,MO-503,226527
2009,MO-604,8843480
2009,MO-600,894253
2009,MS-503,535142
2009,NC-501,942904
2009,NC-506,757428
2009,NC-513,377186
2009,MT-500,2436813
2009,NC-505,3793161
2009,NC-511,737411
2009,MO-606,4531850
2009,MN-500,8070313
2009,MN-508,431604
2009,MN-510,677748
2009,MN-503,1451225
2009,MN-506,296267
2009,MN-501,4599589
2009,MN-504,244149
2009,MO-602,579001
2009,MO-603,516803
2009,MO-501,9883546
2009,MN-511,594113
2009,MN-502,1416328
2009,MN-505,985953
2009,NC-502,957234
2009,NJ-501,4487266
2009,NJ-516,316799
2009,NJ-506,5086048
2009,NH-501,1003288
2009,NH-502,1711274
2009,NH-500,2832371
2009,NJ-509,1247702
2009,NJ-510,776096
2009,NJ-504,7659709
2009,NJ-520,1998
2009,NJ-514,2193019
2009,NJ-518,330041
2009,NJ-519,156722
2009,NE-502,1657373
2009,NC-503,6793620
2009,NC-500,1647823
2009,NC-509,866759
2009,NC-504,1579142
2009,NC-516,294876
2009,NC-507,2493900
2009,ND-500,1774934
2009,NE-506,27171
2009,NE-500,324522
2009,NE-501,2301299
2009,NE-503,258364
2009,NE-504,340327
2009,NE-505,111912
2009,VA-603,569879
2009,VA-502,821948
2009,VA-500,3405765
2009,UT-500,4363056
2009,VA-600,1278434
2009,VA-507,1226514
2009,VA-508,375610
2009,VA-510,76187
2009,VA-601,5596117
2009,VA-512,148534
2009,VA-604,680460
2009,VA-503,1329195
2009,VA-509,179905
2009,UT-504,1063222
2009,TX-600,13944973
2009,TX-503,4258029
2009,TX-704,1465153
2009,TX-700,21788142
2009,TX-607,5198918
2009,TX-703,902058
2009,TX-610,609336
2009,TX-504,290324
2009,TX-613,531338
2009,UT-503,1027796
2009,TX-601,10258106
2009,TX-500,6580304
2009,TX-611,926486
2009,VA-513,344293
2009,WA-507,466037
2009,WI-500,7581775
2009,WI-501,11085546
2009,WA-508,901770
2009,WA-504,4684303
2009,WA-503,2721135
2009,WI-503,2991044
2009,WV-501,1621895
2009,WV-503,1145145
2009,WY-500,338517
2009,WI-502,1205182
2009,WV-508,2194813
2009,WV-500,484946
2009,WA-500,21446075
2009,VA-517,67200
2009,VA-505,1566713
2009,VA-518,42000
2009,VA-504,325304
2009,VA-514,180487
2009,VA-501,2296307
2009,VA-521,144673
2009,VT-500,2701398
2009,WA-501,4977245
2009,WA-502,3074982
2009,VA-602,170815
2009,VI-500,452654
2009,VT-501,788512
2009,TX-702,129084
2009,PA-502,3943144
2009,PA-605,2344953
2009,PA-504,2258604
2009,OR-505,1298650
2009,PA-506,2183185
2009,PA-500,28116947
2009,PA-508,1741418
2009,PA-503,3585027
2009,PA-505,1587370
2009,PA-507,6622203
2009,PA-510,1875876
2009,PA-600,13458668
2009,PA-602,2088213
2009,OR-507,1442552
2009,OK-505,151839
2009,OK-501,2371854
2009,OK-506,115247
2009,OK-500,184024
2009,OK-503,675438
2009,OK-504,258962
2009,OK-507,734676
2009,OR-504,953574
2009,OR-506,2015728
2009,OR-501,9773302
2009,OR-500,2277284
2009,OR-502,317558
2009,OR-503,302996
2009,PA-511,601933
2009,TN-503,1870345
2009,TN-512,71384
2009,TN-501,5137492
2009,TN-509,1240520
2009,TN-506,384753
2009,TN-510,478972
2009,TN-507,1160262
2009,TX-501,1012724
2009,TX-701,259686
2009,TX-604,996532
2009,TN-504,3654887
2009,TN-500,2222849
2009,TX-603,2815830
2009,TN-502,1305954
2009,PA-603,1504709
2009,PR-503,5617140
2009,PR-502,11548821
2009,PA-501,1291024
2009,PA-601,4768674
2009,PA-509,4484771
2009,RI-500,5853911
2009,SC-501,3457893
2009,SC-502,2315475
2009,SD-500,1613065
2009,SC-500,730422
2009,SC-503,859181
2009,SC-504,307230
2009,CT-506,1425722
2009,DC-500,19507419
2009,DE-500,5350424
2009,CT-502,5241458
2009,CT-510,348848
2009,CT-512,1605944
2009,FL-520,78143
2009,FL-501,4787933
2009,FL-511,1090432
2009,FL-600,28727652
2009,FL-506,1147955
2009,FL-508,793630
2009,FL-602,178648
2009,CT-509,1584355
2009,CO-500,2705207
2009,CO-504,1786451
2009,CO-503,14016696
2009,CA-525,13339
2009,CA-507,2487918
2009,CA-513,1285601
2009,CT-505,4353541
2009,CT-503,4733258
2009,CT-508,1688530
2009,CT-504,977134
2009,CT-500,924469
2009,CT-507,1727390
2009,CT-501,5678401
2009,FL-606,330761
2009,FL-519,223734
2009,FL-605,4698760
2009,FL-505,587000
2009,FL-500,513106
2009,FL-518,157935
2009,FL-601,8997515
2009,GA-500,10401718
2009,GA-503,692917
2009,GA-504,612781
2009,GA-505,1303632
2009,GA-506,1617109
2009,GA-501,12397207
2009,GA-507,3579765
2009,FL-502,3862941
2009,FL-512,152400
2009,FL-507,5213081
2009,FL-513,860271
2009,FL-503,1244179
2009,FL-603,2265670
2009,FL-509,1311036
2009,FL-604,502028
2009,FL-516,76199
2009,FL-517,207499
2009,FL-510,4049906
2009,FL-514,331078
2009,FL-504,1374678
2009,FL-515,45222
2009,CA-523,141173
2009,AZ-501,7722164
2009,AZ-500,3474188
2009,CA-505,8694871
2009,AR-505,492445
2009,AR-506,200000
2009,AZ-502,23567138
2009,CA-518,1056450
2009,CA-609,8339270
2009,CA-511,4319487
2009,CA-603,1758756
2009,CA-600,79807125
2009,CA-611,827130
2009,CA-607,2870407
2009,AR-504,303820
2009,AL-502,520531
2009,AL-503,576003
2009,AL-504,1940663
2009,AK-500,2598005
2009,AK-501,669436
2009,AL-500,8185913
2009,AL-505,29297
2009,AR-500,3464972
2009,AR-501,213857
2009,AR-502,21600
2009,AL-506,97087
2009,AL-507,128638
2009,AL-501,3343592
2009,CA-514,6046774
2009,CA-608,6581828
2009,CA-613,261864
2009,CA-516,238787
2009,CA-521,461079
2009,CA-509,1826208
2009,CA-512,5685954
2009,CA-522,548917
2009,CA-510,2713284
2009,CA-517,439570
2009,CA-605,1290858
2009,CA-501,18601756
2009,CA-614,848467
2009,CA-610,5115751
2009,CA-506,1749843
2009,CA-519,403647
2009,CA-508,1668086
2009,CA-504,2300658
2009,CA-601,9295145
2009,CA-502,22470820
2009,CA-602,13188807
2009,CA-500,10057213
2009,CA-606,5987650
2009,CA-503,14783167
2009,CA-515,847129
2009,CA-612,2450512
2009,CA-520,579946
2009,CA-604,3746141
2009,MD-509,611849
2009,MD-600,4786079
2009,MD-510,228595
2009,MD-513,979072
2009,MD-505,2263842
2009,MD-502,790622
2009,MD-506,373221
2009,MD-507,275838
2009,MD-512,526583
2009,MD-601,6920293
2009,MD-500,774993
2009,MD-503,1902036
2009,MD-511,646332
2009,MD-501,20516571
2009,MA-502,1934101
2009,MA-507,405812
2009,MA-505,1691471
2009,MA-511,3059698
2009,MA-517,2405877
2009,MA-520,636113
2009,MA-512,678682
2009,MA-513,1593121
2009,MA-518,1401098
2009,MA-510,1635237
2009,MA-516,8633201
2009,MA-508,831283
2009,MA-503,1389922
2009,MD-504,679407
2009,MI-509,4071149
2009,MI-522,44241
2009,MI-513,245723
2009,MI-506,4681931
2009,MI-512,638486
2009,MI-519,914792
2009,MI-503,899685
2009,MI-507,1457249
2009,MI-515,162034
2009,MN-509,2399485
2009,MI-523,793288
2009,MI-505,2261181
2009,MI-514,418251
2009,MI-511,141418
2009,ME-502,3247625
2009,MI-516,471323
2009,MI-500,7355632
2009,MD-508,1922805
2009,ME-501,1323434
2009,ME-500,5902862
2009,MI-510,1665457
2009,MI-518,269938
2009,MI-501,23773088
2009,MI-502,3731229
2009,MI-517,804960
2009,MI-508,1891277
2009,MI-504,4417190
2009,MA-509,3369941
2009,IL-500,884256
2009,IL-512,1135659
2009,IL-503,814767
2009,IL-514,3614346
2009,IL-518,1067757
2009,IL-507,1402642
2009,IL-515,921303
2009,IL-508,2582070
2009,IL-501,1655382
2009,IL-516,835180
2009,IL-519,626280
2009,IL-511,8477022
2009,IL-504,1788351
2009,IL-506,2961033
2009,IA-502,2569217
2009,IA-501,4570964
2009,IA-500,597775
2009,GU-500,889427
2009,HI-501,8824363
2009,HI-500,1852611
2009,ID-501,2499977
2009,IL-509,591454
2009,IL-517,1325976
2009,IL-502,1955145
2009,ID-500,959355
2009,IL-510,51403295
2009,IL-505,997341
2009,IL-513,638236
2009,LA-507,641272
2009,LA-505,1305975
2009,LA-508,1265590
2009,LA-502,3412325
2009,LA-504,1746124
2009,LA-500,2327254
2009,LA-501,399592
2009,MA-515,1745899
2009,MA-519,799135
2009,MA-504,2108138
2009,MA-500,20203895
2009,MA-506,5358445
2009,MA-501,1241249
2009,LA-503,14226622
2009,IN-503,5011397
2009,KS-507,1003346
2009,KS-501,972791
2009,IL-520,957662
2009,IN-502,13299419
2009,IN-500,1346974
2009,KS-502,2111306
2009,KY-501,7620491
2009,KY-502,1648176
2009,LA-506,2110648
2009,KS-503,1714414
2009,KS-505,258203
2009,KY-500,8548523
2008,NY-505,6847255
2008,NY-600,83930415
2008,NY-524,110455
2008,NV-501,1445591
2008,NV-502,569014
2008,NV-500,5595421
2008,NY-518,2120986
2008,NY-501,1190837
2008,NY-519,232959
2008,NY-512,2163458
2008,NY-603,2553911
2008,NY-601,826603
2008,NY-606,291622
2008,NM-500,4864547
2008,NJ-502,549605
2008,NJ-515,3415987
2008,NJ-511,1669493
2008,NJ-510,714917
2008,NJ-507,1420015
2008,NJ-520,2000
2008,NJ-508,2177167
2008,NJ-512,142560
2008,NJ-513,332658
2008,NM-501,3412438
2008,NJ-500,224587
2008,NJ-505,225371
2008,NJ-503,2428730
2008,NY-607,434987
2008,NY-510,144839
2008,OH-500,12446440
2008,OH-505,6686570
2008,NY-503,2719114
2008,NY-516,12786
2008,NY-517,82137
2008,OH-508,2137139
2008,OH-502,22056776
2008,OH-501,3366464
2008,OH-503,9273519
2008,OH-504,1919864
2008,OH-507,13790919
2008,OH-506,3563121
2008,NY-507,2291656
2008,NY-520,52505
2008,NY-608,511434
2008,NY-522,18375
2008,NY-604,9062646
2008,NY-508,8518030
2008,NY-502,139410
2008,NY-504,418293
2008,NY-523,835452
2008,NY-513,126267
2008,NY-514,129792
2008,NY-605,4137024
2008,NY-500,8859080
2008,NY-602,1905029
2008,MO-600,887243
2008,MO-500,2539177
2008,MS-500,699990
2008,MO-606,4490619
2008,MO-604,8093599
2008,MO-503,153153
2008,MS-501,2806653
2008,NC-501,878592
2008,NC-506,634483
2008,NC-513,375686
2008,MS-503,535142
2008,MT-500,2149136
2008,NC-511,739497
2008,MO-501,10212635
2008,MN-501,4585693
2008,MN-500,7932446
2008,MN-508,410228
2008,MN-509,2411272
2008,MN-503,1288587
2008,MN-506,303357
2008,MN-510,454908
2008,MN-505,674673
2008,MO-602,574128
2008,MO-603,845848
2008,MN-504,219308
2008,MN-511,478086
2008,MN-502,1112210
2008,NC-502,784559
2008,NH-502,1664600
2008,NH-500,2814300
2008,NJ-501,4109624
2008,NE-501,2301358
2008,NE-502,1657373
2008,NH-501,667184
2008,NJ-516,321754
2008,NJ-518,213996
2008,NJ-504,7657532
2008,NJ-519,158390
2008,NJ-506,5093091
2008,NJ-509,1066178
2008,NJ-514,2248678
2008,NE-500,324522
2008,NC-503,1411900
2008,NC-500,1639618
2008,NC-508,241484
2008,NC-504,1236264
2008,NC-516,225187
2008,NC-507,1382473
2008,NC-509,740853
2008,NE-504,340327
2008,NE-505,158770
2008,NE-506,271306
2008,NC-505,3415231
2008,ND-500,1524362
2008,NE-503,116361
2008,OK-502,2318367
2008,VA-502,704778
2008,VA-500,3575615
2008,VA-604,680462
2008,UT-500,1752191
2008,VA-507,1216350
2008,VA-603,569880
2008,VA-508,224457
2008,VA-510,76187
2008,VA-512,109798
2008,VA-513,302685
2008,VA-503,1154864
2008,VA-509,191613
2008,VA-601,5077834
2008,UT-504,939123
2008,TX-607,534293
2008,TX-503,5085813
2008,TX-704,1364493
2008,TX-600,13211272
2008,TX-702,129084
2008,TX-703,598745
2008,TX-601,9568062
2008,TX-504,291333
2008,TX-613,526246
2008,UT-503,710531
2008,TX-500,5619422
2008,TX-610,615690
2008,TX-611,438837
2008,VA-504,350480
2008,WA-507,377599
2008,WI-503,3010684
2008,WI-502,1089317
2008,WA-503,2719106
2008,WA-501,5079032
2008,WA-502,2592785
2008,WI-500,7530805
2008,WV-501,1597596
2008,WV-503,702410
2008,WY-500,339580
2008,WI-501,10297537
2008,WV-508,428269
2008,WV-500,423804
2008,WA-504,4227519
2008,VA-517,67200
2008,VA-518,42000
2008,VA-521,60855
2008,VA-501,2537290
2008,VA-514,117223
2008,VA-505,1621309
2008,VA-600,1161082
2008,VT-500,2256100
2008,WA-500,19683354
2008,WA-508,904806
2008,VA-602,170815
2008,VI-500,487891
2008,VT-501,787264
2008,PA-504,2140521
2008,PA-605,2083809
2008,PA-600,14591737
2008,OR-507,1433638
2008,PA-500,26360293
2008,PA-502,3210223
2008,PA-508,1612455
2008,PA-505,1252318
2008,PA-507,5308871
2008,PA-601,3649246
2008,PA-510,2218070
2008,PA-602,1993024
2008,PA-503,2869247
2008,OR-505,1509994
2008,OK-501,2348230
2008,OK-505,93762
2008,OK-506,94877
2008,OK-503,681631
2008,OK-500,139260
2008,OK-504,242400
2008,OK-507,122446
2008,OR-504,886927
2008,OR-501,9952550
2008,OR-506,1960909
2008,OR-500,2224378
2008,OR-502,319914
2008,OR-503,302996
2008,PA-511,601934
2008,TN-507,1039116
2008,TN-504,3556395
2008,TN-500,2063792
2008,TN-510,450075
2008,TN-503,1615681
2008,TN-501,4599102
2008,TN-502,1193406
2008,TX-700,20069555
2008,TX-701,259686
2008,TX-604,453235
2008,TN-509,824481
2008,TX-603,3665182
2008,TX-501,1012725
2008,TN-506,322675
2008,PA-506,1697752
2008,PR-503,1859632
2008,PR-502,12561288
2008,PA-501,1206164
2008,PA-509,3452045
2008,PA-603,1036069
2008,RI-500,4737444
2008,SC-504,225650
2008,SC-502,783480
2008,SD-500,378848
2008,SC-500,336995
2008,SC-503,754529
2008,SC-501,3227115
2008,MI-515,122505
2008,CT-505,3398017
2008,CT-506,1367979
2008,DC-500,18828068
2008,CT-502,4388037
2008,CT-510,348849
2008,CT-512,1383727
2008,DE-500,5350442
2008,FL-508,604716
2008,FL-501,3960156
2008,FL-602,132231
2008,FL-520,78143
2008,FL-600,24846947
2008,FL-506,311105
2008,CT-509,1356777
2008,CA-518,949454
2008,CO-504,1225103
2008,CO-503,14212456
2008,CA-507,2386098
2008,CA-505,8804882
2008,CA-513,1147292
2008,CO-500,2351332
2008,CT-501,5060410
2008,CT-508,1585296
2008,CT-504,929351
2008,CT-500,666684
2008,CT-507,1516379
2008,CT-503,4553064
2008,FL-511,931550
2008,FL-518,157935
2008,FL-605,4382393
2008,FL-519,223735
2008,FL-517,208579
2008,FL-500,515813
2008,FL-601,9245491
2008,FL-505,587000
2008,GA-503,570905
2008,GA-504,451828
2008,GA-500,9408317
2008,GA-506,1482204
2008,GA-501,11119822
2008,GA-507,3263282
2008,FL-502,3562929
2008,FL-509,985804
2008,FL-507,5762161
2008,FL-512,152400
2008,FL-606,330763
2008,FL-503,1244179
2008,FL-603,2115801
2008,FL-513,860271
2008,FL-515,45222
2008,FL-516,76199
2008,FL-510,3909882
2008,FL-604,450664
2008,FL-504,1329482
2008,FL-514,169785
2008,AZ-502,24575654
2008,AZ-500,3062599
2008,CA-600,68902729
2008,AR-506,200000
2008,AR-500,3257514
2008,AZ-501,6634304
2008,CA-603,3488659
2008,CA-602,13765384
2008,CA-609,847516
2008,CA-601,8885263
2008,CA-611,536108
2008,CA-502,20181706
2008,CA-607,2763175
2008,AR-505,268733
2008,AL-502,520531
2008,AL-503,563499
2008,AL-504,1877037
2008,AK-500,2683141
2008,AK-501,578094
2008,AL-500,7140131
2008,AL-505,29297
2008,AR-501,93485
2008,AR-502,21600
2008,AR-504,303820
2008,AL-506,90070
2008,AL-501,3197737
2008,AL-507,128638
2008,CA-511,4255762
2008,CA-610,5303405
2008,CA-516,147691
2008,CA-522,401584
2008,CA-512,5176063
2008,CA-509,1653868
2008,CA-613,252711
2008,CA-614,851732
2008,CA-524,30300
2008,CA-525,13339
2008,CA-526,221373
2008,CA-510,2473902
2008,CA-517,383554
2008,CA-523,111173
2008,CA-515,517825
2008,CA-519,204826
2008,CA-504,1868910
2008,CA-612,2215840
2008,CA-514,5828408
2008,CA-500,9481673
2008,CA-508,1433638
2008,CA-606,6319084
2008,CA-506,1584013
2008,CA-608,6560572
2008,CA-521,415045
2008,CA-503,14402430
2008,CA-520,81163
2008,CA-501,19869348
2008,GA-505,1192067
2008,MD-502,725946
2008,MD-509,528396
2008,MD-600,4199492
2008,MA-514,478295
2008,MD-513,937895
2008,MD-505,1875660
2008,MD-510,228595
2008,MD-501,20495134
2008,MD-511,615040
2008,MD-507,206981
2008,MD-506,347135
2008,MD-500,734803
2008,MD-503,1693391
2008,MA-506,5308063
2008,MA-507,411536
2008,MA-505,1719678
2008,MA-516,8279398
2008,MA-517,1936376
2008,MA-520,680523
2008,MA-502,1729837
2008,MA-512,523164
2008,MA-513,1545203
2008,MA-518,1130802
2008,MA-510,1536946
2008,MA-500,20668036
2008,MA-508,789890
2008,MA-503,1313138
2008,MD-601,6892928
2008,MI-512,674355
2008,MI-519,883219
2008,MI-509,3969869
2008,MI-506,4490275
2008,MI-518,125444
2008,MI-511,89511
2008,MI-522,44241
2008,MI-523,779290
2008,MI-507,1576476
2008,MI-514,420228
2008,MI-503,796509
2008,MI-513,245723
2008,MI-505,2774362
2008,MI-502,4128516
2008,ME-501,1171922
2008,ME-500,5428526
2008,ME-502,2932663
2008,MD-512,522791
2008,MD-508,1722860
2008,MD-504,651702
2008,MI-500,6197229
2008,MI-504,4211768
2008,MI-508,1888399
2008,MI-517,804960
2008,MI-516,471035
2008,MI-510,1582794
2008,MI-501,24097846
2008,IL-512,999121
2008,IL-500,884259
2008,IL-511,8471712
2008,IL-514,3197044
2008,IL-518,425210
2008,IL-507,1400482
2008,IL-503,758500
2008,IL-508,2220963
2008,IL-501,1498440
2008,IL-516,796480
2008,IL-515,925583
2008,IL-519,626857
2008,IL-504,1786314
2008,IL-506,2884055
2008,IA-502,2975646
2008,IA-501,4212013
2008,IA-500,677838
2008,GU-500,779815
2008,HI-501,7972796
2008,HI-500,1188255
2008,ID-500,926135
2008,IL-509,580438
2008,IL-502,1609163
2008,IL-517,1294466
2008,ID-501,2589834
2008,IL-505,974472
2008,IL-510,47955095
2008,IL-513,554728
2008,LA-507,641273
2008,LA-505,1065404
2008,LA-508,1282437
2008,LA-502,2999078
2008,LA-504,2239197
2008,LA-500,2121580
2008,LA-501,393743
2008,MA-504,1829372
2008,MA-509,3284400
2008,MA-511,2827599
2008,MA-501,1191794
2008,MA-515,1639755
2008,MA-519,738525
2008,LA-506,2110648
2008,IN-503,4211552
2008,KS-507,1005852
2008,KS-501,979292
2008,IL-520,1108501
2008,IN-502,6491989
2008,IN-500,1186640
2008,KS-502,1922662
2008,KY-500,7353563
2008,KY-502,1474753
2008,LA-503,15662036
2008,KS-503,2005628
2008,KS-505,379195
2008,KY-501,6430532
2007,NV-500,6531440
2007,NY-600,83326595
2007,NY-524,89736
2007,NV-502,542909
2007,NM-501,3054759
2007,NM-500,4631028
2007,NV-501,1426092
2007,NY-501,606780
2007,NY-512,2147155
2007,NY-604,11379874
2007,NY-601,574915
2007,NY-511,1467462
2007,NY-518,1333080
2007,NY-603,3862017
2007,NJ-502,497516
2007,NJ-515,3025676
2007,NJ-511,2606888
2007,NJ-520,2000
2007,NJ-510,891451
2007,NJ-519,150544
2007,NJ-507,1463795
2007,NJ-512,139550
2007,NJ-501,4275812
2007,NJ-513,317101
2007,NJ-505,241222
2007,NJ-508,1769888
2007,NJ-500,168080
2007,NJ-503,2273669
2007,NY-510,259133
2007,OH-508,1071538
2007,OH-507,10517896
2007,NY-517,82137
2007,NY-505,5609652
2007,NY-514,127211
2007,NY-516,16424
2007,OH-501,1402971
2007,OH-505,5477450
2007,OH-500,10391825
2007,OH-503,7741865
2007,OH-504,1407066
2007,OH-502,22117429
2007,OH-506,3274250
2007,NY-605,6572494
2007,NY-608,492457
2007,NY-520,51269
2007,NY-502,136837
2007,NY-519,229391
2007,NY-607,435150
2007,NY-508,9598475
2007,NY-513,22256
2007,NY-503,2441356
2007,NY-507,1842622
2007,NY-523,870353
2007,NY-504,409941
2007,NY-500,7930010
2007,NY-602,1868305
2007,MO-601,37356
2007,MO-500,570600
2007,MO-602,531463
2007,MO-600,758315
2007,MO-603,779441
2007,MO-606,2054128
2007,MO-604,7531869
2007,NC-511,727948
2007,NC-501,957952
2007,NC-506,623947
2007,MT-500,2155765
2007,MS-500,846807
2007,MS-501,2795018
2007,MS-503,176559
2007,MN-507,344469
2007,MN-508,330231
2007,MN-510,237825
2007,MN-506,172076
2007,MN-503,761329
2007,MN-501,3871710
2007,MN-500,7338897
2007,MN-509,1919783
2007,MN-512,118665
2007,MO-501,10198965
2007,MN-505,1058854
2007,MN-504,242396
2007,MN-511,230389
2007,MN-502,1133477
2007,NH-502,1628604
2007,NH-500,2254842
2007,NH-501,476411
2007,NE-502,1630861
2007,NE-506,27171
2007,NE-500,320949
2007,NE-501,1342349
2007,NJ-517,3000
2007,NJ-518,200187
2007,NJ-504,6641208
2007,NJ-514,1838017
2007,NJ-506,4081690
2007,NJ-516,169824
2007,NJ-509,1072778
2007,NC-507,2366654
2007,NC-503,5718802
2007,NC-500,1441396
2007,NC-516,222416
2007,NC-513,278923
2007,NC-502,777316
2007,NC-504,1220000
2007,NE-503,116361
2007,NE-504,333364
2007,NE-505,62960
2007,ND-500,1319578
2007,NC-508,240792
2007,NC-505,2861589
2007,NC-509,447972
2007,VA-502,699122
2007,VA-500,3164333
2007,VA-604,318456
2007,VA-603,566082
2007,UT-504,811199
2007,UT-500,4045648
2007,VA-507,1103308
2007,VA-510,48450
2007,VA-512,109796
2007,VA-513,220128
2007,VA-509,176563
2007,VA-508,224457
2007,VA-503,1335810
2007,VA-601,4794107
2007,TX-503,3741917
2007,TX-601,9665648
2007,TX-704,1183283
2007,TX-607,534292
2007,TX-604,84000
2007,TX-702,146312
2007,TX-703,584930
2007,TX-504,194202
2007,TX-613,387192
2007,UT-503,550344
2007,TX-611,228766
2007,TX-500,5624182
2007,TX-610,535282
2007,TX-603,2605914
2007,WA-507,333821
2007,WI-502,1079216
2007,WI-500,6785053
2007,WA-506,304039
2007,WA-503,1955107
2007,WA-500,20158397
2007,WA-502,2258936
2007,WV-501,1282701
2007,WV-503,602507
2007,WY-500,337802
2007,WV-500,173532
2007,WI-501,10088454
2007,WI-503,2778827
2007,WV-508,225275
2007,VA-518,42000
2007,VA-521,60855
2007,VA-600,932271
2007,VA-517,48450
2007,VA-504,204527
2007,VA-501,2572851
2007,VA-505,1429905
2007,WA-508,741826
2007,WA-504,4019750
2007,WA-501,4301638
2007,VT-501,765755
2007,VA-602,168339
2007,VI-500,168424
2007,VT-500,1743018
2007,PA-605,1834182
2007,PA-600,12643707
2007,PA-508,1601200
2007,PA-504,2244276
2007,OR-507,1181114
2007,OR-500,2156894
2007,PA-502,3161367
2007,PA-601,4566803
2007,PA-507,5485817
2007,PA-503,1185821
2007,PA-505,1220924
2007,PA-510,1858584
2007,PA-602,1737166
2007,PA-500,25241613
2007,OK-501,2339341
2007,OK-505,43632
2007,OK-506,106367
2007,OK-504,172010
2007,OK-502,2300735
2007,OK-503,551255
2007,OK-500,360473
2007,OR-501,6171669
2007,OR-506,1735792
2007,OR-505,552600
2007,OR-504,726978
2007,OK-507,119402
2007,OR-502,314266
2007,OR-503,296759
2007,TN-512,65026
2007,TN-507,964881
2007,TN-504,3302375
2007,TN-501,4865244
2007,TN-506,165653
2007,TN-510,394067
2007,TN-503,1612861
2007,TX-501,1009759
2007,TX-600,11936956
2007,TX-701,254983
2007,TX-700,19783107
2007,TN-500,1061656
2007,TN-502,1199244
2007,TN-509,635997
2007,PA-506,748655
2007,PR-503,1520021
2007,PR-502,3810095
2007,PA-603,865256
2007,PA-509,3216113
2007,PA-511,570009
2007,PA-501,1252024
2007,SC-504,425827
2007,SC-502,1850426
2007,SD-500,1287248
2007,SC-501,3178447
2007,RI-500,5662195
2007,SC-500,1520281
2007,SC-503,732718
2007,MI-515,100125
2007,CT-505,3307340
2007,CT-512,1298206
2007,CT-506,1344232
2007,CT-510,348849
2007,CT-504,774581
2007,CT-509,1059559
2007,CT-502,4283022
2007,FL-508,821693
2007,FL-511,932452
2007,FL-503,1315897
2007,FL-506,919769
2007,DC-500,17447828
2007,DE-500,4877641
2007,FL-501,3617018
2007,CA-603,1365765
2007,CA-611,549654
2007,CO-503,11280176
2007,CA-518,1006237
2007,CA-505,7368118
2007,CA-526,39900
2007,CA-513,101920
2007,CT-503,3707629
2007,CT-501,5187485
2007,CT-508,1212827
2007,CT-507,1398362
2007,CO-504,1338418
2007,CO-500,2310199
2007,CT-500,678204
2007,FL-519,223735
2007,FL-505,577107
2007,FL-520,78143
2007,FL-518,88392
2007,FL-517,205975
2007,FL-500,607195
2007,FL-605,4289363
2007,GA-500,9084992
2007,GA-505,1183715
2007,GA-506,1212220
2007,GA-504,448314
2007,GA-501,10663019
2007,GA-507,3184688
2007,GA-503,537885
2007,FL-512,102257
2007,FL-513,838856
2007,FL-604,450664
2007,FL-509,728411
2007,FL-507,4491416
2007,FL-606,217645
2007,FL-603,2089509
2007,FL-502,2974598
2007,FL-515,47482
2007,FL-601,7717470
2007,FL-510,3838199
2007,FL-504,859497
2007,FL-514,287785
2007,FL-600,24372852
2007,AZ-501,6410805
2007,AZ-500,2642589
2007,CA-502,20706744
2007,AZ-502,21452614
2007,AR-506,200000
2007,AR-509,99262
2007,AR-500,3041922
2007,CA-609,7288774
2007,CA-500,9320700
2007,CA-511,4165543
2007,CA-607,2611673
2007,CA-600,67553854
2007,CA-601,8807253
2007,CA-602,11769336
2007,AL-504,1916355
2007,AL-505,29297
2007,AL-501,3187838
2007,AL-503,566594
2007,AK-500,2360291
2007,AK-501,479347
2007,AL-502,520531
2007,AR-502,21600
2007,AR-504,133596
2007,AR-505,265061
2007,AR-501,90720
2007,AL-506,90070
2007,AL-507,128638
2007,AL-500,6931170
2007,CA-516,276240
2007,CA-522,423833
2007,CA-614,848221
2007,CA-613,249130
2007,CA-515,546216
2007,CA-610,5292129
2007,CA-509,1584757
2007,CA-507,2221722
2007,CA-524,30300
2007,CA-525,13339
2007,CA-523,31500
2007,CA-510,2548495
2007,CA-517,399709
2007,CA-605,1136534
2007,CA-519,423796
2007,CA-503,13531483
2007,CA-501,18357773
2007,CA-606,5402425
2007,CA-514,5040513
2007,CA-504,1750579
2007,CA-508,1212840
2007,CA-608,6486448
2007,CA-512,5239978
2007,CA-521,411763
2007,CA-506,1626917
2007,CA-612,2088303
2007,CA-520,81163
2007,CA-604,1415353
2007,MD-600,3992336
2007,MD-501,18444023
2007,MD-510,224297
2007,MD-509,518808
2007,MA-514,475048
2007,MD-505,2113444
2007,MD-502,700683
2007,MD-507,149711
2007,MD-601,5990241
2007,MD-512,500614
2007,MD-511,561299
2007,MD-506,333775
2007,MD-500,731714
2007,MD-503,1616331
2007,MA-507,413135
2007,MA-505,1295518
2007,MA-516,8130850
2007,MA-500,18090902
2007,MA-517,1906069
2007,MA-502,1723762
2007,MA-520,675337
2007,MA-513,1396572
2007,MA-506,5206625
2007,MA-510,1505710
2007,MA-518,1123024
2007,MA-512,523164
2007,MA-508,819918
2007,MA-503,1221910
2007,MI-509,3958403
2007,MI-503,772253
2007,MI-521,21403
2007,MI-519,845176
2007,MI-518,128219
2007,MI-511,89511
2007,MI-512,352041
2007,MI-507,924927
2007,MI-514,416660
2007,MI-500,4737280
2007,MI-523,776950
2007,MI-522,42894
2007,MI-513,192095
2007,MI-505,1600126
2007,ME-500,5202612
2007,ME-502,2707831
2007,MI-501,21084301
2007,ME-501,1308860
2007,MD-508,1725527
2007,MD-504,574476
2007,MD-513,917566
2007,MI-517,792067
2007,MI-506,4109064
2007,MI-502,2158189
2007,MI-508,1696769
2007,MI-516,424602
2007,MI-510,1597698
2007,MI-504,3314144
2007,IL-500,878359
2007,IL-503,788498
2007,IL-515,917110
2007,IL-512,995716
2007,IL-511,6437605
2007,IL-518,1360053
2007,IL-507,1344199
2007,IL-516,726717
2007,IL-513,548949
2007,IL-520,775826
2007,IL-501,1376742
2007,IL-519,620870
2007,IL-504,1671591
2007,IL-508,1851208
2007,IA-501,4115855
2007,IA-500,673198
2007,ID-500,804402
2007,IA-502,2655423
2007,GU-500,587307
2007,HI-501,5965906
2007,HI-500,423207
2007,IL-506,2736898
2007,IL-514,3052322
2007,IL-510,45315110
2007,IL-509,557278
2007,ID-501,2560646
2007,IL-502,1088467
2007,IL-517,1216532
2007,LA-505,1059553
2007,LA-508,1263130
2007,LA-503,12828438
2007,LA-507,609488
2007,LA-502,2332016
2007,LA-504,2559807
2007,LA-500,1965971
2007,MA-504,1548244
2007,MA-519,615374
2007,MA-511,2067130
2007,MA-515,1654787
2007,LA-501,260041
2007,MA-501,1167736
2007,MA-509,3162077
2007,KS-500,158520
2007,KS-501,971711
2007,KS-502,1888255
2007,IN-503,4426064
2007,IL-505,963175
2007,IN-502,12123198
2007,IN-500,1078627
2007,KY-502,1570829
2007,KY-501,6084354
2007,LA-506,2039010
2007,KY-500,7606196
2007,KS-503,1457484
2007,KS-505,135660
2007,KS-507,2370585
