year,cocnumber,doe_total_count,doe_unsheltered,doe_sheltered,doe_hotel_motel,doe_doubled_up
2016,AK-500,2905,155,819,236,1695
2014,AK-500,2155,137,512,269,1237
2015,AK-500,2217,91,551,224,1351
2017,AK-500,2476,168,454,166,1688
2014,AK-501,1772,221,388,91,1041
2015,AK-501,1890,232,474,77,1045
2016,AK-501,2127,265,490,114,1209
2017,AK-501,1642,240,272,63,1003
2015,AL-500,2907,13,152,115,2511
2017,AL-500,2042,21,90,134,1735
2014,AL-500,2758,16,208,50,2214
2016,AL-500,2050,3,56,95,1689
2015,AL-501,6392,55,471,188,5678
2016,AL-501,4982,54,326,149,4453
2014,AL-501,6516,181,189,491,5652
2017,AL-501,6159,63,295,156,5636
2014,AL-502,1206,57,66,6,1066
2017,AL-502,875,33,44,11,763
2015,AL-502,1043,52,90,13,870
2016,AL-502,896,46,39,9,782
2014,AL-503,806,12,13,153,564
2016,AL-503,767,0,27,139,377
2015,AL-503,933,0,59,183,668
2017,AL-503,726,15,81,102,513
2015,AL-504,1284,5,104,82,1020
2016,AL-504,870,20,52,82,713
2017,AL-504,1216,16,78,80,1040
2014,AL-504,1071,0,107,5,861
2017,AL-505,1358,312,19,10,798
2015,AL-505,1496,404,23,28,1016
2014,AL-505,1427,406,41,16,922
2016,AL-505,1342,386,49,21,881
2015,AL-506,593,0,62,77,454
2016,AL-506,412,11,27,53,321
2017,AL-506,432,0,16,53,352
2014,AL-506,492,6,11,50,396
2016,AL-507,2778,39,29,77,2107
2015,AL-507,4720,106,120,94,3891
2014,AL-507,4976,128,80,62,4540
2017,AL-507,3092,133,74,103,2163
2014,AR-500,1792,3,203,64,1455
2015,AR-500,1678,12,166,64,1317
2016,AR-500,1899,10,195,55,1595
2017,AR-500,2076,8,181,77,1637
2016,AR-501,1825,29,207,144,1388
2015,AR-501,1661,17,127,100,1223
2017,AR-501,2032,0,126,150,1514
2014,AR-501,1829,8,197,113,1206
2014,AR-503,3614,33,249,47,2459
2015,AR-503,3761,34,354,60,2637
2016,AR-503,4027,59,160,119,3217
2017,AR-503,4331,41,105,32,2881
2014,AR-504,1919,44,192,9,1377
2015,AR-504,1862,46,106,10,1482
2017,AR-504,2100,59,32,13,792
2016,AR-504,2098,70,104,23,1491
2017,AR-505,753,0,41,9,385
2016,AR-505,650,5,44,29,488
2015,AR-505,501,0,45,23,338
2014,AR-505,581,14,57,20,388
2017,AZ-500,6301,215,871,367,4401
2015,AZ-500,5498,104,695,258,3961
2016,AZ-500,6127,171,875,283,4202
2014,AZ-500,5428,125,722,279,3794
2014,AZ-501,5653,36,1250,84,3992
2016,AZ-501,4497,52,1223,95,2910
2017,AZ-501,4257,43,461,132,2718
2015,AZ-501,5487,28,1372,77,3778
2017,AZ-502,16161,280,4439,1066,8553
2016,AZ-502,15514,331,4050,835,8223
2015,AZ-502,18420,468,5622,828,9970
2014,AZ-502,18565,518,5854,610,9705
2014,CA-500,3511,116,521,167,2548
2015,CA-500,1896,73,275,202,1203
2016,CA-500,3987,274,338,194,3128
2017,CA-500,4645,296,455,164,3672
2014,CA-501,2666,35,721,322,1588
2016,CA-501,2410,48,711,275,1370
2015,CA-501,2512,40,643,350,1479
2017,CA-501,2308,42,509,210,1545
2016,CA-502,3686,97,522,262,2792
2015,CA-502,3480,67,398,175,2783
2014,CA-502,4528,277,493,282,3425
2017,CA-502,4456,140,502,283,3521
2016,CA-503,9723,139,666,571,8241
2017,CA-503,10822,269,731,800,9006
2014,CA-503,13537,221,882,506,11916
2015,CA-503,10197,114,613,460,8974
2017,CA-504,1143,32,281,29,700
2016,CA-504,883,54,202,19,428
2015,CA-504,1142,64,147,41,862
2014,CA-504,1789,66,142,63,1453
2015,CA-505,2573,120,253,129,2041
2017,CA-505,2637,130,305,199,1963
2014,CA-505,3434,450,273,100,2577
2016,CA-505,2339,118,240,146,1785
2015,CA-506,6476,169,233,121,5877
2014,CA-506,8189,518,281,175,7097
2017,CA-506,8455,378,323,173,7498
2016,CA-506,7791,317,238,131,6757
2015,CA-507,1262,0,58,3,1107
2017,CA-507,1119,0,49,5,850
2014,CA-507,1182,4,47,10,1114
2016,CA-507,1171,7,47,12,1043
2015,CA-508,2881,166,236,49,2413
2014,CA-508,2822,55,95,39,2606
2017,CA-508,3462,133,214,57,3034
2016,CA-508,3059,108,187,27,2702
2016,CA-509,660,55,51,34,501
2015,CA-509,548,22,16,30,366
2017,CA-509,790,27,52,60,600
2014,CA-509,654,19,53,14,463
2014,CA-510,7406,54,292,125,6831
2015,CA-510,4055,55,135,130,3613
2016,CA-510,3213,45,265,164,2619
2017,CA-510,3556,89,235,226,2897
2017,CA-511,3504,110,359,347,2655
2016,CA-511,2801,87,363,267,2071
2014,CA-511,3567,52,479,93,2808
2015,CA-511,2752,79,332,223,2113
2016,CA-512,2041,31,206,59,1675
2017,CA-512,2438,36,210,44,2068
2014,CA-512,2351,20,214,46,1968
2015,CA-512,1972,26,200,65,1621
2015,CA-513,4015,312,428,94,2991
2017,CA-513,3896,280,410,149,2740
2014,CA-513,6434,381,681,146,5012
2016,CA-513,3577,320,392,123,2626
2016,CA-514,5285,164,354,267,4387
2015,CA-514,4379,109,226,201,3637
2014,CA-514,8457,115,500,301,7085
2017,CA-514,5960,220,369,326,4556
2014,CA-515,2400,71,165,43,1881
2016,CA-515,2299,78,215,103,1843
2015,CA-515,1751,55,165,78,1369
2017,CA-515,2492,92,234,113,1964
2014,CA-516,1853,131,250,107,1122
2017,CA-516,1326,39,162,119,893
2015,CA-516,1200,23,185,119,797
2016,CA-516,1269,22,176,80,859
2016,CA-517,382,26,67,18,265
2014,CA-517,397,18,61,25,293
2015,CA-517,239,8,50,11,165
2017,CA-517,464,42,107,20,291
2015,CA-518,1197,20,124,85,732
2016,CA-518,1637,29,174,124,1295
2017,CA-518,1591,23,160,155,1236
2014,CA-518,1927,36,254,148,1469
2016,CA-519,1228,47,144,51,919
2015,CA-519,812,19,101,40,635
2017,CA-519,1376,44,140,74,1102
2014,CA-519,1214,53,221,56,825
2017,CA-520,1937,200,20,123,1517
2016,CA-520,1417,217,16,98,716
2014,CA-520,1798,203,31,45,1255
2015,CA-520,1178,199,21,36,881
2017,CA-521,924,15,51,123,671
2014,CA-521,1311,44,107,47,1065
2015,CA-521,857,15,72,25,686
2016,CA-521,903,13,90,57,722
2017,CA-522,1299,80,209,126,773
2016,CA-522,1157,55,215,135,675
2014,CA-522,1103,36,116,144,730
2015,CA-522,649,89,200,57,278
2014,CA-524,832,40,80,127,559
2016,CA-524,580,29,55,60,399
2015,CA-524,500,21,23,92,352
2017,CA-524,647,26,44,116,407
2014,CA-525,731,0,48,88,472
2017,CA-525,868,39,62,93,574
2016,CA-525,783,24,83,92,549
2015,CA-525,843,3,88,74,585
2014,CA-526,954,244,85,16,545
2015,CA-526,513,0,60,0,395
2016,CA-526,1501,13,722,9,664
2017,CA-526,719,19,73,24,452
2017,CA-527,486,14,6,25,425
2014,CA-527,582,14,33,13,500
2015,CA-527,274,0,0,12,232
2016,CA-527,403,12,15,21,344
2017,CA-529,320,38,22,5,255
2016,CA-529,336,23,16,8,274
2015,CA-529,458,23,15,9,409
2014,CA-529,648,31,18,30,569
2014,CA-530,162,12,18,9,117
2016,CA-530,116,35,29,8,33
2017,CA-530,98,37,10,5,35
2015,CA-530,31,20,0,8,0
2015,CA-600,42345,1766,2482,1511,36401
2014,CA-600,60026,3463,4383,3407,48561
2016,CA-600,47456,2694,3360,2069,38719
2017,CA-600,58573,4839,4276,3325,45734
2016,CA-601,20648,617,1770,992,17088
2014,CA-601,24266,743,3272,871,19281
2017,CA-601,20824,629,1910,1102,17089
2015,CA-601,19784,445,2267,651,16370
2014,CA-602,33951,245,1757,1251,30582
2016,CA-602,26307,285,1111,1192,23665
2017,CA-602,26334,344,1016,1365,23444
2015,CA-602,25202,228,1148,969,22789
2015,CA-603,7515,54,185,71,7168
2016,CA-603,8605,76,271,95,8142
2014,CA-603,9572,63,259,120,9058
2017,CA-603,8106,100,205,112,7651
2016,CA-604,6217,11,556,210,5260
2017,CA-604,5675,27,488,291,4609
2014,CA-604,8227,34,251,151,7330
2015,CA-604,6388,30,622,190,5456
2016,CA-606,6024,61,387,273,5303
2015,CA-606,5118,36,364,233,4485
2017,CA-606,7068,66,339,265,6398
2014,CA-606,5266,34,492,267,4473
2017,CA-607,797,48,129,40,580
2016,CA-607,543,25,84,27,407
2015,CA-607,946,50,148,42,706
2014,CA-607,1010,0,141,0,837
2016,CA-608,22398,245,904,401,20737
2014,CA-608,27177,320,829,303,25677
2017,CA-608,21853,404,776,610,20053
2015,CA-608,21631,229,858,320,20150
2014,CA-609,39111,1000,907,695,36162
2017,CA-609,33871,433,970,1192,30838
2016,CA-609,34695,445,1050,923,32150
2015,CA-609,30552,316,618,675,28846
2014,CA-611,6926,107,210,200,5945
2017,CA-611,4017,144,185,156,3486
2015,CA-611,2953,55,109,144,2458
2016,CA-611,3675,92,193,168,2788
2014,CA-612,1790,3,96,34,1657
2015,CA-612,1430,6,69,47,1308
2017,CA-612,2041,10,53,43,1935
2016,CA-612,1757,8,60,34,1655
2017,CA-613,1431,6,131,51,1195
2015,CA-613,1706,3,129,35,1394
2016,CA-613,1894,0,157,22,1510
2014,CA-613,2134,31,134,47,1803
2016,CA-614,3286,308,179,152,2547
2014,CA-614,2936,238,138,143,2201
2017,CA-614,3208,284,191,88,2541
2015,CA-614,2878,271,171,135,2251
2015,CO-500,7051,315,493,405,5547
2017,CO-500,7048,444,455,513,5326
2014,CO-500,7462,230,1302,333,5351
2016,CO-500,7043,307,563,450,5479
2017,CO-503,12066,473,1774,825,8939
2014,CO-503,14395,226,1990,1694,10388
2015,CO-503,15060,322,2110,1482,11073
2016,CO-503,14169,326,1982,1364,10420
2014,CO-504,1792,36,375,264,1107
2015,CO-504,2017,57,368,339,1202
2016,CO-504,1777,93,269,308,1092
2017,CO-504,1925,122,356,333,1067
2016,CT-503,468,0,242,33,171
2015,CT-503,267,0,153,16,65
2017,CT-503,566,17,251,11,244
2014,CT-503,336,0,193,22,102
2017,CT-505,3860,19,730,323,2478
2015,CT-505,2884,6,564,229,1784
2016,CT-505,3366,0,704,250,2068
2014,CT-505,2578,3,497,180,1575
2017,DC-500,6576,105,2118,467,3567
2014,DC-500,3719,12,865,13,1751
2015,DC-500,3518,44,1494,239,1505
2016,DC-500,6550,111,2575,317,2721
2017,DE-500,3320,19,91,480,2613
2015,DE-500,3091,0,137,450,2302
2016,DE-500,3221,3,115,549,2424
2014,DE-500,4346,8,217,528,3345
2016,FL-500,2443,41,374,202,1826
2014,FL-500,2773,37,329,290,2117
2015,FL-500,2742,45,276,336,2085
2017,FL-500,2697,61,328,246,2062
2014,FL-501,3229,66,314,374,2475
2017,FL-501,3207,106,459,505,2137
2016,FL-501,3311,108,433,424,2346
2015,FL-501,3803,99,428,383,2893
2015,FL-502,3756,45,689,481,2541
2017,FL-502,4009,65,681,493,2770
2016,FL-502,3501,82,554,480,2385
2014,FL-502,3035,33,548,445,2009
2015,FL-503,3774,204,365,428,2777
2017,FL-503,3318,83,290,468,2477
2016,FL-503,3841,194,286,474,2887
2014,FL-503,4001,229,304,509,2959
2017,FL-504,2860,78,223,321,2238
2015,FL-504,2929,62,216,356,2295
2016,FL-504,2676,64,206,319,2087
2014,FL-504,2775,34,228,257,2256
2017,FL-505,904,21,343,47,493
2015,FL-505,780,21,88,51,620
2016,FL-505,1090,37,121,75,857
2014,FL-505,846,18,94,52,674
2014,FL-506,2449,92,223,72,1990
2016,FL-506,2034,58,230,57,1604
2017,FL-506,1842,170,264,60,1320
2015,FL-506,1986,122,240,69,1543
2016,FL-507,12391,202,689,2900,8600
2015,FL-507,13506,214,712,2992,9588
2017,FL-507,11067,174,474,2999,7407
2014,FL-507,13723,174,766,2770,10013
2016,FL-508,1899,66,238,108,1487
2015,FL-508,1835,51,230,91,1453
2014,FL-508,1982,67,214,111,1586
2017,FL-508,1950,63,237,109,1525
2016,FL-509,1293,22,261,117,873
2014,FL-509,1131,30,286,81,716
2017,FL-509,1520,35,305,162,1018
2015,FL-509,1207,28,321,88,748
2015,FL-510,3745,71,554,287,2833
2017,FL-510,4468,94,356,400,3618
2014,FL-510,3646,45,606,331,2664
2016,FL-510,3537,77,309,283,2868
2017,FL-511,2719,36,170,148,2365
2015,FL-511,3625,24,231,191,3179
2014,FL-511,3819,39,250,232,3298
2016,FL-511,3174,36,206,192,2740
2014,FL-512,814,31,106,78,597
2015,FL-512,829,16,114,90,606
2016,FL-512,832,25,114,96,597
2017,FL-512,904,28,114,70,687
2015,FL-513,1842,43,150,225,1424
2014,FL-513,1686,50,175,194,1267
2016,FL-513,1969,79,169,188,1533
2017,FL-513,2261,111,159,228,1763
2014,FL-514,2374,24,232,232,1886
2015,FL-514,2685,38,261,274,2112
2016,FL-514,2493,29,222,269,1973
2017,FL-514,2426,38,193,280,1915
2015,FL-515,1962,41,109,172,1611
2014,FL-515,1615,57,125,147,1271
2017,FL-515,2061,80,75,196,1620
2016,FL-515,2052,44,77,204,1715
2017,FL-517,1988,42,133,21,1287
2014,FL-517,2034,51,59,19,1903
2015,FL-517,1867,58,46,9,1732
2016,FL-517,1837,62,64,29,1302
2016,FL-518,1435,123,98,41,1137
2017,FL-518,1503,108,85,84,1226
2015,FL-518,1399,135,134,63,1031
2014,FL-518,1284,112,76,66,995
2015,FL-519,2174,59,333,208,1574
2016,FL-519,2087,42,307,223,1515
2017,FL-519,1972,74,262,238,1398
2014,FL-519,2066,66,316,175,1509
2015,FL-520,3415,71,290,256,2798
2014,FL-520,4154,45,337,275,3497
2016,FL-520,3694,79,500,325,2790
2017,FL-520,3743,84,385,356,2918
2014,FL-600,3193,36,946,177,2034
2017,FL-600,8036,274,1424,400,5938
2016,FL-600,6079,213,1111,295,4460
2015,FL-600,3972,162,1044,212,2554
2017,FL-601,2866,96,411,446,1899
2016,FL-601,2443,52,538,240,1607
2015,FL-601,2531,58,537,279,1650
2014,FL-601,2476,108,471,264,1623
2014,FL-602,518,14,49,34,421
2015,FL-602,503,12,65,55,371
2016,FL-602,427,11,69,42,305
2017,FL-602,453,29,59,61,304
2015,FL-603,1248,33,292,183,740
2016,FL-603,1288,43,186,225,834
2014,FL-603,1296,54,382,150,710
2017,FL-603,1496,55,139,297,1005
2016,FL-604,384,19,102,11,252
2014,FL-604,382,8,117,8,249
2015,FL-604,456,19,123,13,301
2017,FL-604,360,30,68,7,255
2014,FL-605,2986,121,667,215,1973
2017,FL-605,4315,131,673,308,3203
2015,FL-605,3756,113,870,275,2496
2016,FL-605,3763,123,797,281,2555
2016,FL-606,802,8,207,65,522
2017,FL-606,896,22,155,37,682
2014,FL-606,841,7,141,51,642
2015,FL-606,778,7,165,56,550
2016,GA-500,4642,48,1009,674,2911
2014,GA-500,4273,33,927,627,2686
2017,GA-500,3669,53,607,724,2285
2015,GA-500,4501,35,959,701,2798
2015,GA-501,26979,436,1900,3927,19494
2017,GA-501,29396,459,1687,4397,21318
2016,GA-501,28346,499,1836,4105,20807
2014,GA-501,26623,495,1712,3436,19363
2017,GA-502,10,0,0,0,0
2014,GA-502,4,0,0,0,0
2016,GA-502,11,0,0,0,0
2015,GA-502,7,0,0,0,0
2017,GA-503,700,6,102,117,475
2016,GA-503,577,18,123,86,350
2014,GA-503,494,5,56,61,372
2015,GA-503,696,12,110,92,482
2015,GA-504,218,3,63,25,127
2014,GA-504,245,0,57,0,148
2017,GA-504,318,0,104,65,149
2016,GA-504,284,8,71,59,146
2016,GA-505,1240,6,102,126,1006
2014,GA-505,1584,9,70,101,1404
2015,GA-505,1838,10,76,101,1651
2017,GA-505,1095,9,96,127,863
2016,GA-506,2162,23,126,858,1085
2015,GA-506,2064,13,130,839,1031
2014,GA-506,1888,9,176,568,1065
2017,GA-506,2110,30,188,757,1135
2016,GA-507,783,8,109,166,500
2014,GA-507,973,50,142,179,602
2017,GA-507,749,19,127,130,473
2015,GA-507,744,20,100,171,453
2014,GA-508,1873,64,175,554,1080
2015,GA-508,2049,91,176,632,1150
2017,GA-508,1893,72,123,654,1042
2016,GA-508,1637,77,143,608,805
2016,HI-501,3790,430,1247,5,2108
2017,HI-501,2958,298,843,16,1794
2015,HI-501,3526,287,1021,14,2204
2014,HI-501,2634,298,904,32,1400
2017,IA-500,482,17,183,18,252
2014,IA-500,363,0,101,46,207
2015,IA-500,428,9,111,71,237
2016,IA-500,484,0,157,22,260
2015,IA-501,4698,75,782,325,3041
2016,IA-501,4538,52,767,224,2951
2014,IA-501,4383,55,763,297,2820
2017,IA-501,4497,69,810,209,2952
2017,IA-502,1546,11,322,89,1117
2014,IA-502,1418,12,346,57,893
2016,IA-502,1496,14,320,81,1041
2015,IA-502,1477,23,314,112,1010
2015,ID-500,1621,95,149,76,1280
2016,ID-500,1405,60,126,87,1110
2014,ID-500,1498,37,120,56,1241
2017,ID-500,1582,61,128,81,1288
2016,ID-501,5984,167,380,297,4734
2014,ID-501,4930,174,297,217,3904
2017,ID-501,6200,202,336,293,4996
2015,ID-501,5500,133,350,159,4302
2014,IL-500,833,0,42,15,636
2016,IL-500,772,4,63,16,560
2017,IL-500,929,6,54,43,742
2015,IL-500,937,9,48,36,764
2014,IL-501,2505,11,82,61,2316
2016,IL-501,2720,24,125,61,2474
2015,IL-501,2596,18,108,96,2316
2017,IL-501,2888,9,97,68,2631
2015,IL-502,1283,7,102,85,979
2016,IL-502,1275,20,130,48,897
2017,IL-502,1368,22,155,117,966
2014,IL-502,1068,8,98,67,764
2016,IL-503,519,3,83,41,336
2015,IL-503,458,0,35,63,320
2014,IL-503,606,56,65,22,227
2017,IL-503,624,32,92,44,424
2016,IL-504,1289,3,83,0,690
2014,IL-504,1715,5,99,35,1428
2015,IL-504,1478,3,225,17,1098
2017,IL-504,1087,0,41,19,688
2016,IL-506,2266,3,283,152,1590
2015,IL-506,2067,19,181,151,1417
2014,IL-506,2102,8,166,137,1461
2017,IL-506,2153,3,111,96,1542
2015,IL-507,1455,24,258,41,965
2016,IL-507,1245,5,109,3,961
2014,IL-507,2000,3,505,149,1138
2017,IL-507,1391,3,128,7,1181
2017,IL-508,1374,15,62,51,1156
2015,IL-508,1474,12,82,58,1188
2016,IL-508,1565,28,103,82,1249
2014,IL-508,1325,5,81,65,1111
2017,IL-509,303,3,65,6,221
2015,IL-509,342,0,0,0,158
2014,IL-509,324,3,84,4,199
2016,IL-509,265,0,60,0,198
2016,IL-510,18537,213,2154,125,15888
2015,IL-510,19919,111,2328,129,17336
2017,IL-510,17912,60,2268,677,14891
2014,IL-510,21626,131,2249,146,18805
2016,IL-511,6596,26,585,229,4908
2014,IL-511,6457,42,552,282,4643
2015,IL-511,6831,41,530,244,4975
2017,IL-511,6858,26,751,294,4970
2015,IL-512,1600,5,169,80,992
2014,IL-512,1514,0,167,37,1075
2017,IL-512,1723,10,149,52,1178
2016,IL-512,1618,3,133,61,1237
2015,IL-513,832,4,122,49,593
2016,IL-513,705,5,99,50,481
2014,IL-513,939,9,128,64,714
2017,IL-513,735,0,148,8,491
2014,IL-514,1357,30,258,110,773
2016,IL-514,1486,9,268,175,859
2017,IL-514,1507,3,286,128,965
2015,IL-514,1356,8,270,93,760
2014,IL-515,1844,0,59,20,1068
2015,IL-515,1789,0,104,12,1403
2016,IL-515,2058,0,138,20,1490
2017,IL-515,2301,0,168,32,1381
2015,IL-516,127,0,3,0,96
2017,IL-516,232,0,24,0,190
2014,IL-516,237,6,23,7,187
2016,IL-516,359,4,31,14,268
2017,IL-517,1997,4,184,103,1651
2016,IL-517,1712,9,186,121,1356
2014,IL-517,1682,10,170,81,1302
2015,IL-517,1725,5,171,142,1335
2016,IL-518,1677,6,232,44,1063
2014,IL-518,1767,13,268,64,1124
2017,IL-518,1666,11,165,55,1136
2015,IL-518,1707,14,215,48,1037
2016,IL-519,684,0,87,0,389
2015,IL-519,860,3,131,12,399
2017,IL-519,692,0,91,44,404
2014,IL-519,850,0,131,3,574
2014,IL-520,4607,30,435,102,3247
2016,IL-520,4518,12,363,109,3099
2017,IL-520,4859,39,242,82,3318
2015,IL-520,4351,27,327,67,3187
2014,IN-500,178,0,149,8,13
2016,IN-500,271,0,191,0,3
2015,IN-500,204,0,141,9,50
2017,IN-500,429,0,215,7,186
2014,IN-502,12271,105,1181,734,9415
2016,IN-502,12298,61,1497,702,9119
2017,IN-502,12574,96,1776,565,8885
2015,IN-502,12598,144,1556,598,9174
2016,IN-503,5066,119,430,373,4035
2014,IN-503,5274,76,461,344,4294
2017,IN-503,5240,3,460,383,4202
2015,IN-503,6089,163,564,403,4643
2015,KS-502,2621,15,295,134,2167
2016,KS-502,3001,28,265,186,2483
2014,KS-502,2848,9,231,154,2383
2017,KS-502,2556,21,362,115,2014
2015,KS-503,477,0,54,0,393
2014,KS-503,547,3,86,25,421
2017,KS-503,554,0,72,5,457
2016,KS-503,672,3,102,29,534
2015,KS-505,1109,11,119,56,877
2014,KS-505,1254,16,125,57,927
2017,KS-505,1103,5,111,60,869
2016,KS-505,1095,11,96,65,893
2016,KS-507,4200,42,214,245,3127
2017,KS-507,4041,90,368,184,2882
2014,KS-507,4254,39,258,163,3219
2015,KS-507,4231,29,282,148,3233
2015,KY-500,22657,1128,1691,558,17322
2017,KY-500,21980,1497,1277,631,17630
2014,KY-500,22377,1112,2935,623,15668
2016,KY-500,22479,1640,1513,685,17735
2016,KY-501,6025,116,2008,322,3579
2015,KY-501,6475,42,1793,359,4210
2014,KY-501,8087,9,2799,343,4291
2017,KY-501,5766,1689,830,224,3023
2014,KY-502,739,0,90,0,614
2016,KY-502,1027,21,127,55,824
2017,KY-502,976,17,100,45,814
2015,KY-502,795,7,124,30,601
2014,LA-500,2534,33,197,30,1911
2016,LA-500,2009,35,139,74,1695
2017,LA-500,2367,80,198,217,1864
2015,LA-500,2326,26,201,89,1707
2014,LA-502,3275,62,317,206,2480
2017,LA-502,2991,89,292,172,2438
2015,LA-502,3199,22,197,200,2652
2016,LA-502,3038,53,283,199,2477
2014,LA-503,3841,174,96,21,3222
2015,LA-503,4202,233,131,44,3552
2016,LA-503,3832,109,210,28,2687
2017,LA-503,4227,21,250,60,3400
2014,LA-504,2183,41,98,80,1944
2017,LA-504,6886,198,970,337,5253
2015,LA-504,2204,41,121,76,1563
2016,LA-504,1755,22,119,78,1499
2016,LA-505,1583,6,102,81,1307
2015,LA-505,877,0,31,11,704
2017,LA-505,583,0,28,30,445
2014,LA-505,915,0,62,35,564
2016,LA-506,1862,91,65,96,1548
2015,LA-506,1601,76,48,97,1283
2017,LA-506,7921,297,2814,304,4503
2014,LA-506,1617,115,42,76,1252
2015,LA-507,1480,105,141,0,991
2014,LA-507,1390,81,79,44,1021
2016,LA-507,1735,11,302,4,1147
2017,LA-507,1937,0,351,21,1268
2015,LA-508,2131,53,99,58,1881
2017,LA-508,2180,33,123,41,1681
2014,LA-508,2215,50,129,85,1885
2016,LA-508,2276,57,117,54,2045
2014,LA-509,2424,417,153,38,1426
2016,LA-509,2289,429,57,41,1716
2015,LA-509,2251,458,54,48,1381
2017,LA-509,1776,160,47,35,1423
2016,MA-500,4067,65,2153,663,1125
2015,MA-500,3037,73,1355,691,867
2017,MA-500,3354,7,2681,93,520
2014,MA-500,2455,0,1116,673,599
2016,MA-502,990,0,360,44,586
2015,MA-502,942,3,304,115,520
2017,MA-502,1053,0,415,22,616
2014,MA-502,793,0,221,0,471
2014,MA-503,352,3,74,57,156
2016,MA-503,354,3,101,30,185
2017,MA-503,401,5,71,26,236
2015,MA-503,361,3,83,27,150
2015,MA-504,2561,0,1109,593,817
2017,MA-504,2570,0,1422,58,1048
2014,MA-504,2290,0,778,721,748
2016,MA-504,2692,0,1205,76,1174
2016,MA-505,645,8,251,48,335
2015,MA-505,461,4,228,24,187
2017,MA-505,1033,0,333,0,647
2014,MA-505,397,3,168,57,164
2014,MA-506,4194,29,1244,260,2491
2017,MA-506,4823,21,1338,125,3146
2016,MA-506,4607,23,1341,202,2932
2015,MA-506,4426,27,1289,275,2695
2015,MA-507,636,3,130,173,255
2016,MA-507,555,0,90,81,265
2017,MA-507,521,0,140,0,250
2014,MA-507,682,0,76,162,283
2015,MA-508,458,0,217,5,155
2016,MA-508,560,0,235,61,260
2017,MA-508,752,0,360,59,323
2014,MA-508,357,0,138,98,112
2017,MA-509,234,0,75,10,149
2015,MA-509,233,0,57,8,152
2016,MA-509,280,0,83,18,172
2014,MA-509,163,0,38,0,117
2016,MA-510,1064,12,329,168,482
2017,MA-510,1255,15,437,98,661
2014,MA-510,989,10,254,236,391
2015,MA-510,1058,14,235,232,490
2015,MA-511,1515,0,579,335,542
2014,MA-511,1282,10,379,277,521
2016,MA-511,1320,6,441,261,550
2017,MA-511,1161,5,454,85,552
2014,MA-515,440,0,141,79,220
2015,MA-515,396,0,201,52,138
2016,MA-515,355,0,172,31,152
2017,MA-515,438,4,183,29,210
2015,MA-516,1460,9,615,202,546
2014,MA-516,1342,8,571,208,452
2016,MA-516,1618,11,616,245,658
2017,MA-516,1722,27,673,133,756
2016,MA-517,107,0,43,14,50
2014,MA-517,101,0,41,17,43
2015,MA-517,105,0,30,14,59
2017,MA-517,139,0,77,6,56
2014,MA-518,216,0,59,67,85
2017,MA-518,209,0,61,35,101
2015,MA-518,314,3,81,98,132
2016,MA-518,259,0,50,94,94
2014,MA-519,540,0,170,136,180
2016,MA-519,664,0,211,187,186
2015,MA-519,579,0,224,138,156
2017,MA-519,506,4,169,30,272
2014,MA-599,857,3,124,278,302
2017,MA-599,638,7,209,34,254
2016,MA-599,726,0,205,175,223
2015,MA-599,725,0,186,239,213
2016,MD-500,145,0,34,0,95
2017,MD-500,85,0,21,0,54
2014,MD-500,78,0,19,0,54
2015,MD-500,83,0,16,0,58
2017,MD-501,2662,0,158,0,2397
2015,MD-501,2079,0,179,0,1895
2016,MD-501,1992,93,192,17,1688
2014,MD-501,2534,0,240,0,2290
2016,MD-502,385,36,92,76,181
2015,MD-502,437,26,66,93,252
2017,MD-502,411,41,75,72,223
2014,MD-502,461,40,80,104,237
2015,MD-503,1323,6,119,155,1043
2014,MD-503,1193,14,113,218,848
2016,MD-503,1122,0,114,0,902
2017,MD-503,1163,9,104,96,954
2014,MD-504,505,3,32,94,376
2017,MD-504,487,11,94,106,276
2015,MD-504,454,7,47,85,315
2016,MD-504,510,12,96,113,289
2017,MD-505,3009,24,225,215,2545
2016,MD-505,2984,41,248,257,2438
2015,MD-505,2689,14,232,229,2214
2014,MD-505,2625,23,253,174,2175
2014,MD-506,168,12,39,31,86
2016,MD-506,165,7,35,31,92
2017,MD-506,192,8,48,39,97
2015,MD-506,184,10,59,20,95
2017,MD-507,1001,3,62,101,835
2014,MD-507,711,3,31,77,600
2016,MD-507,891,8,43,78,762
2015,MD-507,826,3,24,91,708
2017,MD-508,1006,13,82,136,752
2015,MD-508,980,11,46,145,721
2016,MD-508,907,14,34,174,657
2014,MD-508,1031,3,61,114,809
2017,MD-509,829,13,59,104,653
2016,MD-509,812,9,59,95,649
2015,MD-509,841,51,107,97,586
2014,MD-509,844,97,47,121,579
2016,MD-510,59,0,9,0,50
2014,MD-510,26,0,0,0,0
2017,MD-510,39,0,0,0,0
2015,MD-510,53,3,5,3,42
2014,MD-511,475,0,34,23,405
2016,MD-511,650,0,33,15,581
2017,MD-511,743,3,64,29,630
2015,MD-511,531,3,21,12,477
2017,MD-512,812,9,122,151,530
2016,MD-512,724,0,0,130,486
2014,MD-512,551,3,119,69,360
2015,MD-512,743,7,172,106,458
2015,MD-513,1520,56,95,74,1243
2016,MD-513,1147,28,81,101,887
2014,MD-513,1436,28,67,86,1232
2017,MD-513,1193,31,122,48,903
2017,MD-600,2393,10,163,127,2087
2015,MD-600,2631,19,254,164,2194
2016,MD-600,2954,16,322,168,2437
2014,MD-600,2760,11,280,98,2362
2017,MD-601,1485,3,163,194,1125
2016,MD-601,1227,6,187,155,879
2015,MD-601,1050,6,161,227,656
2014,MD-601,1068,4,121,228,715
2015,ME-500,1711,26,257,119,1047
2016,ME-500,1844,37,180,219,1101
2014,ME-500,1716,7,219,147,1073
2017,ME-500,2064,48,278,178,1199
2017,ME-502,413,7,181,52,173
2016,ME-502,317,0,165,37,115
2014,ME-502,244,0,141,0,85
2015,ME-502,202,0,108,22,72
2017,MI-500,14762,119,1880,441,10544
2016,MI-500,16214,143,2648,421,11487
2015,MI-500,16730,132,2342,301,12029
2014,MI-500,16147,111,2432,321,11549
2014,MI-501,2940,66,619,63,2099
2015,MI-501,3375,79,769,138,2211
2016,MI-501,3073,74,804,163,1894
2017,MI-501,1793,17,226,62,1228
2015,MI-502,2377,0,325,156,1735
2014,MI-502,2198,0,345,158,1544
2016,MI-502,2410,0,366,147,1599
2017,MI-502,2608,23,386,146,1840
2017,MI-503,1717,8,191,238,1179
2014,MI-503,1374,4,305,206,725
2016,MI-503,1726,6,271,217,1149
2015,MI-503,1721,0,282,220,1035
2017,MI-504,1910,11,199,166,1413
2016,MI-504,2238,22,340,165,1603
2015,MI-504,2471,26,371,198,1635
2014,MI-504,2283,30,393,135,1604
2014,MI-505,1912,13,325,38,1255
2017,MI-505,1825,15,307,115,1265
2016,MI-505,1959,12,249,74,1343
2015,MI-505,2242,7,312,61,1605
2014,MI-506,2307,6,899,91,1211
2015,MI-506,2974,197,1165,101,1394
2017,MI-506,2412,48,456,297,1529
2016,MI-506,2338,101,499,185,1402
2015,MI-507,1479,25,541,137,750
2016,MI-507,1495,0,424,100,901
2017,MI-507,1340,3,308,142,797
2014,MI-507,1367,0,538,50,660
2016,MI-508,1331,18,274,7,818
2015,MI-508,1086,23,219,60,714
2017,MI-508,1396,27,233,127,938
2014,MI-508,1218,18,241,89,727
2017,MI-509,1095,10,238,29,774
2014,MI-509,922,98,123,30,639
2015,MI-509,1157,6,181,40,868
2016,MI-509,1186,43,216,55,818
2016,MI-510,724,0,208,12,327
2015,MI-510,701,7,231,16,384
2014,MI-510,703,0,317,18,277
2017,MI-510,631,4,206,17,324
2017,MI-511,502,0,65,3,381
2014,MI-511,574,3,68,3,445
2015,MI-511,500,0,64,6,326
2016,MI-511,521,0,74,8,332
2017,MI-512,1134,55,91,44,832
2016,MI-512,1316,57,209,32,966
2014,MI-512,1501,36,179,46,1134
2015,MI-512,1410,50,187,42,1050
2016,MI-513,230,0,57,0,114
2017,MI-513,236,0,16,3,159
2015,MI-513,290,4,92,4,167
2014,MI-513,244,0,69,5,112
2014,MI-514,874,0,323,29,473
2016,MI-514,947,0,273,87,523
2015,MI-514,1008,14,321,50,553
2017,MI-514,804,0,215,41,486
2014,MI-515,752,3,130,36,532
2016,MI-515,875,4,178,59,597
2017,MI-515,763,7,144,52,529
2015,MI-515,823,3,112,68,547
2017,MI-516,960,0,100,43,730
2016,MI-516,1145,6,227,25,832
2014,MI-516,1176,0,228,31,855
2015,MI-516,1122,3,183,35,805
2015,MI-517,1094,0,139,21,869
2017,MI-517,996,6,99,28,669
2016,MI-517,972,3,77,19,629
2014,MI-517,1231,0,136,14,973
2014,MI-518,460,0,87,22,292
2015,MI-518,576,0,115,25,363
2017,MI-518,425,0,65,31,261
2016,MI-518,467,4,109,4,304
2015,MI-519,1144,6,283,51,791
2016,MI-519,1021,16,263,29,637
2014,MI-519,1023,0,253,39,674
2017,MI-519,961,4,233,51,631
2016,MI-523,708,3,153,6,452
2017,MI-523,706,0,202,11,408
2015,MI-523,881,7,175,11,645
2014,MI-523,852,0,81,0,679
2014,MN-500,5587,21,2196,657,2612
2017,MN-500,5996,62,1976,442,3348
2015,MN-500,5619,66,2347,741,2321
2016,MN-500,5030,25,2124,435,2330
2017,MN-501,2845,145,621,165,1842
2014,MN-501,2738,63,868,157,1604
2015,MN-501,2787,98,800,123,1729
2016,MN-501,2867,117,994,105,1594
2017,MN-502,1732,42,357,77,1153
2015,MN-502,1189,34,251,69,740
2014,MN-502,1018,24,179,63,650
2016,MN-502,1839,70,321,138,1224
2017,MN-503,3204,79,448,232,2216
2015,MN-503,2262,73,398,140,1519
2014,MN-503,2102,102,312,187,1361
2016,MN-503,2914,58,520,170,2024
2017,MN-504,248,0,10,31,171
2015,MN-504,198,3,18,18,142
2016,MN-504,240,6,26,9,188
2014,MN-504,190,5,17,22,129
2015,MN-505,1342,10,338,102,819
2014,MN-505,1247,16,321,95,757
2016,MN-505,1556,43,456,63,908
2017,MN-505,1623,30,317,124,1068
2014,MN-506,429,0,208,0,209
2017,MN-506,805,21,213,11,552
2016,MN-506,681,6,267,4,383
2015,MN-506,454,7,161,16,263
2016,MN-508,487,3,137,7,299
2015,MN-508,456,14,128,35,271
2017,MN-508,408,7,85,29,264
2014,MN-508,306,0,94,9,168
2015,MN-509,567,8,357,58,134
2014,MN-509,397,11,285,25,70
2016,MN-509,545,0,279,5,245
2017,MN-509,628,10,262,15,337
2014,MN-511,268,6,11,47,173
2015,MN-511,280,0,59,20,165
2017,MN-511,254,0,66,21,150
2016,MN-511,328,0,36,10,256
2014,MO-500,4740,35,206,288,4139
2016,MO-500,5108,48,292,308,4400
2015,MO-500,4931,37,173,330,4327
2017,MO-500,5484,58,286,320,4735
2015,MO-501,5607,33,687,169,4673
2017,MO-501,6096,33,684,212,5091
2014,MO-501,5516,47,681,181,4547
2016,MO-501,6024,33,718,187,5048
2014,MO-503,1114,4,69,109,845
2017,MO-503,1324,9,109,110,1045
2015,MO-503,1062,9,58,101,850
2016,MO-503,1241,3,89,84,989
2015,MO-600,2101,13,245,192,1610
2014,MO-600,1625,18,158,197,1143
2016,MO-600,2219,14,253,144,1604
2017,MO-600,2600,17,228,208,1949
2017,MO-602,1161,26,51,42,853
2014,MO-602,1075,26,71,21,869
2016,MO-602,1240,35,102,47,989
2015,MO-602,1082,19,74,23,821
2016,MO-603,524,113,98,14,256
2014,MO-603,778,26,125,19,603
2015,MO-603,663,61,87,39,476
2017,MO-603,535,0,139,0,319
2017,MO-604,5773,107,852,332,4299
2014,MO-604,6275,98,835,318,4864
2016,MO-604,6331,122,806,418,4799
2015,MO-604,6013,321,624,343,4579
2016,MO-606,10483,150,298,644,8295
2017,MO-606,11784,232,449,746,9387
2014,MO-606,10023,233,424,530,7640
2015,MO-606,10361,205,370,447,8277
2014,MS-500,1810,0,84,16,1643
2015,MS-500,3510,21,45,46,3391
2016,MS-500,4496,0,93,52,4307
2017,MS-500,4886,7,111,87,4681
2016,MS-501,3795,20,82,87,3194
2017,MS-501,3620,20,90,50,3175
2014,MS-501,4457,126,89,98,3924
2015,MS-501,3782,22,49,56,2550
2017,MS-503,2385,52,303,123,1894
2015,MS-503,2643,42,248,46,2256
2016,MS-503,2131,31,293,50,1611
2014,MS-503,2961,57,211,104,2489
2017,MT-500,3633,293,306,360,2480
2016,MT-500,3020,186,245,324,1930
2015,MT-500,3043,193,240,353,1947
2014,MT-500,2630,171,295,320,1637
2017,NC-500,665,18,194,95,358
2015,NC-500,515,5,168,91,251
2016,NC-500,481,7,135,64,275
2014,NC-500,530,0,190,80,260
2014,NC-501,697,15,107,46,529
2016,NC-501,751,36,49,90,576
2015,NC-501,734,26,91,73,544
2017,NC-501,786,26,60,78,622
2015,NC-502,846,6,38,78,724
2017,NC-502,941,23,91,151,648
2016,NC-502,976,12,70,71,807
2014,NC-502,886,0,0,132,657
2017,NC-503,13119,877,959,1718,8930
2016,NC-503,11771,960,1066,1304,8039
2014,NC-503,11878,456,885,784,9262
2015,NC-503,12027,720,1003,973,8892
2017,NC-504,2960,25,109,208,2615
2014,NC-504,2478,22,133,107,2216
2016,NC-504,2624,8,122,170,2324
2015,NC-504,2804,17,180,139,2468
2015,NC-505,4436,9,496,914,2994
2017,NC-505,4183,35,471,793,2864
2016,NC-505,3942,33,521,771,2584
2014,NC-505,4322,43,395,773,3107
2015,NC-506,1146,7,197,89,834
2014,NC-506,956,3,263,47,632
2016,NC-506,1353,24,204,100,1025
2017,NC-506,1195,15,134,141,888
2016,NC-507,2771,14,305,568,1871
2014,NC-507,2216,8,298,427,1470
2015,NC-507,2580,13,373,429,1759
2017,NC-507,3441,15,333,728,2353
2016,NC-509,1067,4,90,197,767
2015,NC-509,973,5,81,130,734
2017,NC-509,1154,11,111,178,854
2014,NC-509,751,27,75,109,476
2015,NC-511,793,10,123,151,509
2014,NC-511,678,0,0,107,494
2016,NC-511,566,14,53,147,352
2017,NC-511,786,41,83,262,400
2014,NC-513,138,0,23,26,89
2015,NC-513,127,0,14,20,91
2017,NC-513,195,3,13,10,169
2016,NC-513,143,5,4,12,115
2015,NC-516,495,34,43,13,366
2014,NC-516,557,70,36,3,418
2016,NC-516,419,6,15,17,326
2017,NC-516,532,21,69,12,388
2016,ND-500,2503,337,279,86,1485
2017,ND-500,2416,181,277,148,1615
2014,ND-500,2373,768,200,194,952
2015,ND-500,2711,868,183,165,1332
2014,NE-500,1891,168,259,118,1265
2016,NE-500,1808,160,196,100,1271
2017,NE-500,1932,100,196,112,1409
2015,NE-500,1841,121,254,84,1317
2017,NE-501,1656,28,594,107,908
2014,NE-501,1946,33,720,75,1096
2015,NE-501,1463,24,575,126,715
2016,NE-501,1548,37,565,148,759
2016,NE-502,441,15,139,80,207
2014,NE-502,355,13,140,44,158
2015,NE-502,444,38,134,65,207
2017,NE-502,329,7,168,52,102
2014,NH-500,2118,25,130,163,1366
2015,NH-500,2144,59,116,127,1403
2017,NH-500,2502,42,284,163,1612
2016,NH-500,2077,51,105,169,1401
2015,NH-501,676,0,103,0,553
2016,NH-501,710,5,142,27,531
2017,NH-501,796,11,121,39,625
2014,NH-501,679,70,99,45,465
2016,NH-502,514,19,70,86,312
2017,NH-502,576,54,88,90,306
2015,NH-502,481,11,51,100,289
2014,NH-502,453,23,57,58,281
2014,NJ-500,501,5,52,159,261
2015,NJ-500,430,0,24,103,243
2017,NJ-500,628,0,43,154,400
2016,NJ-500,478,0,9,67,357
2016,NJ-501,454,0,41,9,278
2014,NJ-501,341,0,23,13,249
2015,NJ-501,482,0,61,82,298
2017,NJ-501,491,0,68,8,253
2017,NJ-502,908,0,129,66,661
2015,NJ-502,768,0,139,68,463
2016,NJ-502,870,0,94,38,621
2014,NJ-502,717,0,113,68,436
2016,NJ-503,3402,10,37,80,2740
2014,NJ-503,3185,8,114,152,2571
2015,NJ-503,3438,15,165,211,2719
2017,NJ-503,2724,5,91,150,2069
2014,NJ-504,1105,0,518,7,548
2015,NJ-504,740,4,318,3,390
2016,NJ-504,863,0,214,0,641
2017,NJ-504,1017,12,456,28,505
2015,NJ-506,195,0,52,19,69
2014,NJ-506,176,0,42,26,100
2017,NJ-506,506,0,175,7,219
2016,NJ-506,270,0,38,41,141
2014,NJ-507,755,0,109,81,491
2015,NJ-507,943,0,126,74,651
2016,NJ-507,966,0,65,73,789
2017,NJ-507,1187,0,79,138,908
2016,NJ-508,492,0,26,58,353
2017,NJ-508,534,0,62,109,296
2015,NJ-508,556,0,74,108,292
2014,NJ-508,765,0,122,111,422
2016,NJ-509,110,0,21,3,46
2015,NJ-509,88,0,19,9,25
2017,NJ-509,229,0,41,15,113
2014,NJ-509,82,0,25,10,26
2014,NJ-510,1102,0,205,139,721
2017,NJ-510,655,7,82,109,405
2015,NJ-510,629,0,80,150,312
2016,NJ-510,642,0,63,73,405
2015,NJ-511,337,0,71,0,235
2014,NJ-511,219,0,58,6,138
2017,NJ-511,660,0,115,9,476
2016,NJ-511,452,0,59,15,331
2015,NJ-512,26,0,0,0,26
2014,NJ-512,15,0,0,0,15
2016,NJ-512,28,0,0,0,28
2017,NJ-512,15,0,0,0,0
2016,NJ-513,90,0,12,22,38
2015,NJ-513,221,0,27,41,146
2014,NJ-513,84,0,16,35,23
2017,NJ-513,117,0,16,23,63
2015,NJ-514,177,0,81,3,67
2014,NJ-514,244,10,109,22,81
2016,NJ-514,232,0,53,8,150
2017,NJ-514,156,0,59,0,46
2017,NJ-515,504,0,97,22,326
2016,NJ-515,375,0,63,5,251
2015,NJ-515,362,0,103,14,203
2014,NJ-515,288,0,111,42,130
2014,NJ-516,219,0,25,10,165
2016,NJ-516,241,0,17,3,197
2015,NJ-516,252,0,48,6,168
2017,NJ-516,253,0,10,9,127
2015,NM-500,3547,640,267,191,2403
2016,NM-500,2980,689,312,181,1752
2014,NM-500,5505,109,264,253,4835
2017,NM-500,4547,941,648,257,2609
2015,NM-501,6724,132,544,178,5547
2017,NM-501,7148,127,482,229,5651
2014,NM-501,6440,126,559,237,5192
2016,NM-501,7259,125,466,212,5767
2015,NV-500,11240,217,716,2110,8197
2014,NV-500,9281,104,472,1844,6861
2016,NV-500,14598,181,1285,2226,10906
2017,NV-500,10879,172,1352,1698,7657
2017,NV-501,3251,565,595,470,1621
2014,NV-501,3278,196,635,292,2155
2015,NV-501,3449,212,702,335,2200
2016,NV-501,3394,246,716,391,2041
2016,NV-502,2728,54,315,146,2139
2014,NV-502,2323,38,115,112,1974
2015,NV-502,2489,27,135,104,2130
2017,NV-502,2697,85,322,182,2069
2014,NY-500,3084,41,508,87,2369
2017,NY-500,3553,85,610,70,2716
2015,NY-500,3300,296,546,59,2315
2016,NY-500,3572,150,654,50,2610
2017,NY-503,1011,8,221,246,484
2016,NY-503,874,5,158,214,443
2015,NY-503,749,0,102,29,574
2014,NY-503,733,0,229,44,417
2017,NY-504,147,0,23,0,99
2015,NY-504,188,0,17,10,129
2016,NY-504,175,0,21,0,136
2014,NY-504,168,0,15,0,101
2017,NY-505,4225,37,612,160,3259
2016,NY-505,4276,19,702,184,3289
2014,NY-505,3051,0,454,70,2301
2015,NY-505,3727,5,601,243,2698
2016,NY-507,189,0,16,7,160
2014,NY-507,230,0,25,46,131
2017,NY-507,351,0,53,76,190
2015,NY-507,241,0,30,13,177
2016,NY-508,3888,0,593,115,2861
2014,NY-508,2590,0,386,40,1846
2015,NY-508,3434,6,447,61,2571
2017,NY-508,3086,7,457,97,2278
2014,NY-510,154,0,33,3,94
2015,NY-510,121,0,9,7,71
2017,NY-510,211,0,35,3,150
2016,NY-510,143,0,17,8,113
2015,NY-511,949,9,217,49,580
2016,NY-511,1094,5,200,70,677
2014,NY-511,1044,5,169,62,665
2017,NY-511,1071,4,264,59,580
2016,NY-512,695,0,173,62,440
2014,NY-512,519,0,96,36,378
2017,NY-512,702,0,132,66,463
2015,NY-512,619,0,163,31,393
2014,NY-513,841,3,58,56,530
2016,NY-513,853,0,51,81,592
2015,NY-513,805,0,78,57,559
2017,NY-513,865,0,39,81,595
2015,NY-514,314,0,59,9,217
2016,NY-514,238,0,36,0,137
2017,NY-514,260,0,44,4,174
2014,NY-514,314,0,37,0,211
2016,NY-516,223,0,6,37,128
2015,NY-516,172,0,17,52,81
2014,NY-516,135,0,4,41,49
2017,NY-516,238,0,22,27,146
2017,NY-518,491,3,41,5,381
2014,NY-518,299,0,21,7,226
2016,NY-518,332,3,45,0,258
2015,NY-518,362,0,31,8,250
2016,NY-519,329,36,14,51,217
2015,NY-519,356,37,30,46,227
2017,NY-519,341,37,19,56,192
2014,NY-519,338,30,25,29,219
2015,NY-520,99,0,7,4,75
2016,NY-520,127,0,5,3,50
2017,NY-520,184,0,4,0,166
2014,NY-520,135,0,16,0,109
2016,NY-522,914,0,44,0,794
2017,NY-522,975,0,23,3,611
2014,NY-522,953,6,30,0,662
2015,NY-522,929,8,20,10,663
2015,NY-523,989,4,39,72,772
2014,NY-523,943,4,77,87,689
2016,NY-523,1136,14,45,133,779
2017,NY-523,1047,9,46,84,779
2014,NY-600,113456,7003,45536,311,59113
2016,NY-600,135387,6876,54193,229,72827
2015,NY-600,106406,4523,44818,174,54881
2017,NY-600,138990,6548,52800,249,77892
2014,NY-601,644,0,268,69,287
2016,NY-601,833,0,304,90,425
2017,NY-601,879,0,286,98,473
2015,NY-601,705,0,268,71,342
2015,NY-602,1692,7,319,180,1114
2014,NY-602,1686,9,308,152,1176
2017,NY-602,1821,9,236,198,1323
2016,NY-602,1842,12,330,176,1232
2017,NY-603,10671,18,2289,541,7443
2014,NY-603,8051,4,1998,308,5282
2016,NY-603,9773,17,2422,493,6498
2015,NY-603,8667,12,2049,361,5809
2015,NY-604,2832,3,806,64,1838
2014,NY-604,2848,0,350,50,1803
2016,NY-604,2860,7,805,54,1919
2017,NY-604,2748,0,305,18,1827
2015,NY-606,752,0,40,10,631
2014,NY-606,753,0,83,14,625
2017,NY-606,738,0,104,30,578
2016,NY-606,763,0,49,17,644
2015,NY-607,358,0,77,58,215
2017,NY-607,326,0,43,47,214
2014,NY-607,380,3,43,66,251
2016,NY-607,372,0,48,78,239
2016,NY-608,556,0,123,125,288
2017,NY-608,661,5,141,161,314
2014,NY-608,634,0,184,114,317
2015,NY-608,612,0,153,134,319
2016,OH-500,3335,13,912,141,2185
2015,OH-500,2660,10,695,147,1718
2017,OH-500,2108,13,484,130,1297
2014,OH-500,4398,34,1436,184,2630
2015,OH-501,3292,0,240,53,2923
2014,OH-501,2655,8,175,30,2380
2016,OH-501,3702,3,244,59,3279
2017,OH-501,4094,6,260,32,3636
2016,OH-502,3699,26,463,38,2928
2014,OH-502,4193,0,366,31,3522
2015,OH-502,3376,18,358,30,2789
2017,OH-502,3790,32,399,52,3080
2017,OH-503,4687,28,1109,406,3001
2015,OH-503,3579,14,1077,267,2090
2014,OH-503,3568,19,1211,296,1953
2016,OH-503,3984,45,1030,332,2489
2017,OH-504,338,0,101,12,147
2014,OH-504,193,0,19,0,164
2016,OH-504,119,0,21,7,71
2015,OH-504,196,7,31,3,133
2014,OH-505,1198,6,263,45,750
2016,OH-505,1142,4,271,90,495
2017,OH-505,1286,3,221,34,903
2015,OH-505,1281,6,341,47,620
2016,OH-506,1575,125,377,56,979
2015,OH-506,1558,85,367,44,983
2017,OH-506,1621,168,312,41,1030
2014,OH-506,1663,60,524,41,871
2014,OH-507,9558,99,957,452,6728
2015,OH-507,10780,92,941,552,7965
2016,OH-507,11370,92,1058,519,8029
2017,OH-507,11968,102,1021,513,8517
2017,OH-508,823,3,264,13,488
2016,OH-508,1079,5,405,8,614
2015,OH-508,1002,0,378,8,479
2014,OH-508,1018,5,398,12,560
2016,OK-500,1210,183,120,14,875
2015,OK-500,1229,213,79,17,815
2014,OK-500,1286,131,293,74,738
2017,OK-500,1309,250,141,26,879
2017,OK-501,3155,26,572,104,2430
2014,OK-501,3603,32,976,172,2307
2015,OK-501,4203,49,884,223,2979
2016,OK-501,3994,29,573,198,3128
2017,OK-502,9170,141,243,95,8675
2015,OK-502,7672,175,407,207,6861
2014,OK-502,6649,29,502,202,5769
2016,OK-502,6900,124,297,107,6358
2016,OK-503,3683,79,113,77,3095
2014,OK-503,3825,156,285,139,3014
2015,OK-503,3624,158,274,205,2817
2017,OK-503,3646,56,92,66,3325
2016,OK-504,252,14,82,17,130
2014,OK-504,335,8,80,40,144
2017,OK-504,251,5,18,19,202
2015,OK-504,305,12,74,42,175
2017,OK-505,2728,112,58,12,1903
2015,OK-505,2859,200,156,19,2225
2016,OK-505,2745,96,134,32,2184
2014,OK-505,2985,655,153,52,1971
2014,OK-506,2429,170,336,54,1805
2016,OK-506,3013,124,297,60,2079
2017,OK-506,3136,98,203,61,2619
2015,OK-506,2709,157,272,72,1959
2017,OK-507,3887,415,227,25,2717
2014,OK-507,3840,354,447,40,2568
2015,OK-507,4335,408,375,35,3194
2016,OK-507,4580,474,671,36,3067
2015,OR-500,2289,293,222,103,1636
2014,OR-500,2386,274,303,105,1683
2017,OR-500,2645,284,184,123,2020
2016,OR-500,2514,328,200,85,1853
2017,OR-501,4931,196,527,225,3947
2015,OR-501,4525,165,557,202,3585
2014,OR-501,4085,107,469,204,3305
2016,OR-501,4567,212,563,266,3495
2017,OR-502,2549,261,139,123,2026
2014,OR-502,1875,207,164,95,1372
2015,OR-502,2285,200,150,106,1825
2016,OR-502,2565,266,224,112,1959
2014,OR-503,1580,186,215,107,1021
2017,OR-503,1226,195,77,104,821
2015,OR-503,1714,232,166,103,1194
2016,OR-503,1261,208,104,84,859
2014,OR-505,7786,736,698,316,5679
2017,OR-505,9542,1196,924,358,6686
2016,OR-505,8823,1028,680,377,6255
2015,OR-505,8153,1033,668,355,5634
2016,OR-506,2428,145,207,140,1927
2015,OR-506,2325,125,131,144,1879
2017,OR-506,2463,142,194,113,1996
2014,OR-506,2029,105,144,123,1657
2016,OR-507,1613,229,73,113,1160
2015,OR-507,1331,189,64,72,970
2014,OR-507,1315,205,76,68,946
2017,OR-507,1790,288,55,70,1356
2017,PA-500,3822,14,1727,21,1861
2014,PA-500,4428,0,2345,45,1866
2016,PA-500,3955,0,2167,6,1584
2015,PA-500,4047,0,1982,29,1920
2014,PA-501,712,0,112,29,537
2017,PA-501,899,3,115,49,702
2016,PA-501,759,0,89,8,613
2015,PA-501,787,5,117,32,532
2014,PA-502,573,0,108,36,372
2016,PA-502,802,7,115,11,549
2017,PA-502,735,8,187,37,417
2015,PA-502,649,0,125,28,454
2015,PA-503,324,0,80,22,170
2016,PA-503,339,0,65,25,199
2014,PA-503,368,0,115,28,188
2017,PA-503,392,0,96,50,233
2015,PA-504,711,0,115,53,485
2016,PA-504,730,7,136,24,459
2014,PA-504,771,10,126,67,477
2017,PA-504,768,0,117,45,485
2014,PA-505,909,4,130,59,540
2015,PA-505,759,4,120,48,547
2017,PA-505,1073,20,137,73,659
2016,PA-505,911,7,149,36,618
2016,PA-506,1147,6,264,48,743
2017,PA-506,1192,10,232,58,822
2015,PA-506,1189,0,307,11,754
2014,PA-506,909,6,212,33,539
2015,PA-508,125,0,21,7,97
2014,PA-508,162,0,32,14,91
2017,PA-508,133,6,20,4,69
2016,PA-508,143,4,25,0,84
2017,PA-509,5445,48,915,558,3304
2016,PA-509,4660,102,717,422,2816
2014,PA-509,4224,23,776,367,2383
2015,PA-509,4075,48,704,370,2553
2014,PA-510,1173,8,167,31,828
2015,PA-510,1552,41,171,45,1155
2017,PA-510,1716,44,205,98,1309
2016,PA-510,1483,19,182,85,1066
2015,PA-511,775,7,111,71,532
2017,PA-511,784,0,193,62,427
2016,PA-511,787,3,147,87,440
2014,PA-511,746,3,133,54,487
2017,PA-512,1198,0,158,98,778
2016,PA-512,811,12,145,43,532
2014,PA-512,1189,20,230,71,817
2015,PA-512,764,3,70,35,538
2016,PA-600,2809,11,686,108,1731
2015,PA-600,2572,0,544,59,1672
2014,PA-600,2433,0,533,58,1593
2017,PA-600,3115,6,655,62,2133
2015,PA-601,2871,18,293,119,1878
2014,PA-601,3024,19,399,81,1941
2017,PA-601,2834,27,272,73,1869
2016,PA-601,2807,10,270,55,1876
2014,PA-603,277,0,42,0,176
2015,PA-603,318,0,42,0,204
2017,PA-603,393,4,30,39,296
2016,PA-603,327,0,57,15,187
2016,PA-605,697,0,75,49,514
2017,PA-605,697,8,155,16,324
2014,PA-605,724,3,138,22,382
2015,PA-605,635,0,105,25,365
2017,PR-502,4736,281,1464,0,2991
2015,PR-502,3628,124,1582,0,1922
2016,PR-502,4001,0,1372,0,2386
2014,PR-502,3224,0,1316,0,1826
2014,RI-500,1008,0,215,48,541
2015,RI-500,1015,10,184,44,614
2017,RI-500,1238,9,293,39,792
2016,RI-500,1048,6,227,54,656
2015,SC-500,1973,152,245,409,1149
2017,SC-500,1664,70,106,382,1022
2014,SC-500,1421,68,198,197,906
2016,SC-500,1772,140,229,384,1010
2015,SC-501,6043,569,797,503,4088
2016,SC-501,5897,618,690,522,3971
2017,SC-501,4690,764,407,435,2952
2014,SC-501,5673,492,639,438,3859
2015,SC-502,3545,159,398,428,2448
2014,SC-502,3440,236,381,479,2202
2017,SC-502,3368,222,350,557,2097
2016,SC-502,4133,193,374,633,2734
2015,SC-503,2082,14,172,435,1223
2016,SC-503,2553,15,209,506,1785
2014,SC-503,2269,12,146,303,1663
2017,SC-503,2290,21,228,321,1565
2014,SD-500,1899,88,213,396,1050
2016,SD-500,3242,52,446,328,1772
2017,SD-500,3003,51,521,344,1833
2015,SD-500,2194,57,465,413,1162
2015,TN-500,712,3,78,79,448
2016,TN-500,1658,0,305,18,1161
2017,TN-500,1212,25,113,70,931
2014,TN-500,1111,10,4,110,847
2015,TN-501,723,7,74,118,514
2017,TN-501,930,15,124,178,611
2014,TN-501,1765,25,273,202,1265
2016,TN-501,757,18,150,162,403
2014,TN-502,860,9,206,151,494
2015,TN-502,414,7,86,86,235
2016,TN-502,568,0,0,153,253
2017,TN-502,523,5,123,111,278
2017,TN-503,1995,39,78,237,1587
2014,TN-503,1885,30,98,162,1489
2016,TN-503,1678,21,103,120,1177
2015,TN-503,1563,32,63,107,1317
2016,TN-504,3078,23,287,436,2323
2017,TN-504,3573,30,328,404,2794
2015,TN-504,3188,15,287,443,2438
2014,TN-504,3894,38,402,599,2855
2014,TN-506,2371,101,130,151,1912
2015,TN-506,1776,33,95,101,1473
2016,TN-506,1841,30,122,71,1358
2017,TN-506,2378,77,141,128,1907
2016,TN-507,1014,17,40,58,603
2014,TN-507,903,7,41,6,659
2017,TN-507,1259,21,59,83,877
2015,TN-507,681,8,48,42,552
2017,TN-509,1863,53,83,116,1510
2014,TN-509,1849,46,145,142,1478
2015,TN-509,1624,42,82,143,1280
2016,TN-509,1754,50,77,109,1413
2016,TN-510,1510,31,109,265,1069
2017,TN-510,1551,26,162,275,1082
2014,TN-510,503,6,66,101,330
2015,TN-510,1304,19,93,236,918
2015,TN-512,1262,56,44,164,951
2017,TN-512,1910,45,162,310,1315
2014,TN-512,2114,66,118,265,1605
2016,TN-512,1792,20,44,229,1258
2015,TX-500,9217,714,1071,578,6741
2017,TX-500,9340,1074,1126,824,6049
2014,TX-500,11170,280,3738,405,6663
2016,TX-500,9203,1238,1144,692,5976
2014,TX-503,3957,56,496,298,3084
2017,TX-503,4825,60,1583,296,2831
2015,TX-503,4640,57,1273,337,2933
2016,TX-503,5230,48,1663,373,3122
2017,TX-600,12336,781,1588,1694,7962
2016,TX-600,13881,534,1604,1748,9803
2015,TX-600,11911,287,1670,1327,8069
2014,TX-600,11600,267,1855,992,7998
2016,TX-601,9102,177,911,1110,6792
2017,TX-601,8140,223,881,1135,5783
2015,TX-601,7946,171,909,751,5986
2014,TX-601,7273,76,2152,619,4310
2015,TX-603,3205,210,646,74,2266
2014,TX-603,3473,202,695,77,2410
2016,TX-603,3226,154,705,50,2285
2017,TX-603,3593,160,673,106,2605
2015,TX-604,1978,30,94,105,1678
2017,TX-604,2254,45,142,103,1819
2014,TX-604,2028,26,118,80,1580
2016,TX-604,2619,32,101,112,2229
2017,TX-607,50010,1979,3312,1979,38790
2016,TX-607,52334,1817,3507,2472,41058
2014,TX-607,47038,1631,3171,1884,37139
2015,TX-607,49298,1459,3610,2116,38859
2017,TX-611,2261,52,184,53,1947
2014,TX-611,1769,54,174,80,1461
2015,TX-611,2256,80,195,96,1860
2016,TX-611,2202,46,195,49,1912
2016,TX-624,1423,12,173,50,1032
2015,TX-624,1307,11,127,16,962
2017,TX-624,1349,0,117,23,937
2014,TX-624,1390,9,143,45,1046
2017,TX-700,20511,531,1876,1439,16424
2015,TX-700,19762,351,1946,1313,16067
2014,TX-700,20565,432,2296,1043,16714
2016,TX-700,19939,400,1965,1554,15719
2015,TX-701,1379,22,106,11,1198
2016,TX-701,1298,17,63,56,1125
2014,TX-701,1357,12,117,23,1028
2017,TX-701,1351,18,71,47,1118
2014,UT-500,6358,82,709,204,5359
2017,UT-500,6953,128,694,194,5937
2016,UT-500,6781,85,734,210,5729
2015,UT-500,6623,98,684,168,5599
2017,UT-503,6368,520,287,198,5325
2016,UT-503,5844,463,214,165,4937
2015,UT-503,5978,208,204,176,4914
2014,UT-503,5701,210,185,173,4740
2016,UT-504,2454,65,21,48,2299
2017,UT-504,2099,62,13,34,1954
2014,UT-504,2509,43,32,59,2312
2015,UT-504,2391,49,32,55,2242
2016,VA-500,3228,34,270,527,2378
2017,VA-500,3236,48,190,566,2423
2015,VA-500,2910,15,245,373,2109
2014,VA-500,3221,14,285,525,2390
2016,VA-501,990,52,99,244,529
2015,VA-501,840,28,98,232,437
2017,VA-501,1271,45,139,327,760
2014,VA-501,822,51,111,169,445
2014,VA-502,801,0,167,106,513
2017,VA-502,600,0,117,85,386
2016,VA-502,708,0,141,82,477
2015,VA-502,771,8,202,88,473
2016,VA-503,738,14,93,236,395
2014,VA-503,822,17,145,201,459
2017,VA-503,886,16,86,332,452
2015,VA-503,815,14,137,198,466
2017,VA-504,520,18,44,59,394
2015,VA-504,497,45,45,23,365
2014,VA-504,568,130,50,35,349
2016,VA-504,510,23,42,37,342
2015,VA-505,1810,12,78,511,1159
2014,VA-505,1914,6,30,574,1202
2016,VA-505,1609,6,72,422,1064
2017,VA-505,1747,8,63,460,1187
2017,VA-507,266,0,0,96,127
2016,VA-507,195,0,37,37,121
2015,VA-507,194,0,36,47,111
2014,VA-507,201,0,0,81,96
2016,VA-508,402,0,62,6,307
2017,VA-508,465,5,59,25,331
2015,VA-508,434,8,64,13,331
2014,VA-508,428,10,13,11,390
2015,VA-513,782,13,69,141,540
2016,VA-513,838,4,63,141,593
2017,VA-513,830,0,71,137,601
2014,VA-513,771,6,97,136,502
2015,VA-514,1272,0,58,348,841
2016,VA-514,1304,17,13,323,866
2014,VA-514,1304,15,81,205,992
2017,VA-514,1325,20,84,397,824
2017,VA-521,3352,11,288,321,2549
2016,VA-521,3422,18,296,306,2504
2015,VA-521,3319,17,349,317,2422
2014,VA-521,3180,23,325,257,2380
2014,VA-600,225,0,105,13,107
2015,VA-600,224,0,127,15,82
2017,VA-600,214,0,123,10,71
2016,VA-600,193,0,127,0,0
2014,VA-601,2348,7,468,125,1748
2015,VA-601,2275,7,444,124,1700
2016,VA-601,2312,8,399,136,1769
2017,VA-601,3257,6,467,134,2650
2015,VA-602,1325,10,73,67,1175
2016,VA-602,1833,7,70,52,1704
2014,VA-602,1105,25,93,45,942
2017,VA-602,2286,0,74,56,2156
2015,VA-603,183,0,57,17,109
2016,VA-603,171,0,45,6,120
2014,VA-603,197,0,51,26,120
2017,VA-603,142,0,55,13,74
2015,VA-604,632,10,161,118,315
2017,VA-604,615,7,135,115,339
2014,VA-604,573,3,151,96,296
2016,VA-604,530,14,150,121,241
2016,VT-500,911,34,61,159,575
2015,VT-500,906,21,27,192,590
2017,VT-500,862,53,87,150,477
2014,VT-500,858,11,46,170,569
2016,VT-501,177,0,55,21,73
2015,VT-501,213,0,49,25,111
2014,VT-501,280,8,54,58,128
2017,VT-501,222,4,59,33,112
2015,WA-500,7066,214,1947,509,4364
2014,WA-500,6213,164,1729,417,3840
2017,WA-500,9258,352,2321,593,5970
2016,WA-500,8244,299,2077,527,5308
2016,WA-501,14550,808,1548,629,11192
2015,WA-501,14160,730,1418,664,11062
2017,WA-501,14784,1174,1298,824,11189
2014,WA-501,12559,749,1535,567,9478
2017,WA-502,3042,89,395,106,2425
2015,WA-502,2933,75,459,93,2266
2014,WA-502,2926,80,508,90,2230
2016,WA-502,3047,111,504,157,2270
2016,WA-503,4093,250,639,363,2807
2017,WA-503,4599,346,454,356,3385
2014,WA-503,3737,132,535,216,2823
2015,WA-503,3694,143,712,320,2514
2016,WA-504,3787,257,718,282,2521
2017,WA-504,3908,368,525,306,2693
2015,WA-504,3231,178,697,203,2109
2014,WA-504,3088,244,639,192,1950
2014,WA-507,1985,21,221,99,1606
2016,WA-507,2621,24,117,100,2353
2015,WA-507,2153,15,149,68,1884
2017,WA-507,2549,36,152,108,2223
2015,WA-508,2256,98,309,141,1687
2017,WA-508,2803,233,253,121,2187
2014,WA-508,2012,67,337,134,1462
2016,WA-508,2822,172,332,176,2137
2016,WI-500,10836,154,1282,626,8324
2017,WI-500,10855,147,1418,653,8254
2015,WI-500,10408,154,1187,615,8042
2014,WI-500,10503,141,1346,597,8014
2017,WI-501,5093,29,811,168,4053
2015,WI-501,4225,55,666,198,3277
2016,WI-501,4864,26,889,138,3767
2014,WI-501,4480,19,724,148,3558
2016,WI-502,1068,5,124,77,851
2015,WI-502,1595,32,62,64,1430
2014,WI-502,2361,128,128,28,2074
2017,WI-502,1205,0,6,76,1046
2016,WI-503,1748,34,237,163,1302
2017,WI-503,1986,33,267,228,1433
2014,WI-503,2033,47,184,279,1484
2015,WI-503,2081,36,172,261,1564
2017,WV-500,294,3,67,3,217
2015,WV-500,316,19,162,3,128
2016,WV-500,345,0,151,0,175
2014,WV-500,151,10,64,0,66
2015,WV-501,471,8,242,5,221
2014,WV-501,396,10,197,15,169
2016,WV-501,351,0,128,0,219
2017,WV-501,367,0,71,0,280
2017,WV-503,1266,31,186,40,1007
2016,WV-503,1574,8,277,59,1226
2014,WV-503,1299,0,203,0,1056
2015,WV-503,1533,7,215,57,1253
2015,WV-508,6638,232,1643,112,4541
2016,WV-508,7045,187,1110,113,5258
2014,WV-508,5584,185,1325,71,3891
2017,WV-508,7097,216,1033,115,5614
2014,WY-500,1447,88,369,193,750
2017,WY-500,1953,11,471,165,1220
2016,WY-500,1689,45,362,149,940
2015,WY-500,1573,36,384,213,842
