year,cocnumber,doe_total_rate,doe_unsheltered_rate,doe_sheltered_rate,doe_hotel_motel_rate,doe_doubled_up_rate
2016-2014,AK-500,-750,-18,-307,33,-458
2014-2015,AK-500,62,-46,39,-45,114
2015-2017,AK-500,259,77,-97,-58,337
2014-2015,AK-501,118,11,86,-14,4
2015-2016,AK-501,237,33,16,37,164
2016-2017,AK-501,-485,-25,-218,-51,-206
2015-2017,AL-500,-865,8,-62,19,-776
2017-2014,AL-500,716,-5,118,-84,479
2014-2016,AL-500,-708,-13,-152,45,-525
2015-2016,AL-501,-1410,-1,-145,-39,-1225
2016-2014,AL-501,1534,127,-137,342,1199
2014-2017,AL-501,-357,-118,106,-335,-16
2014-2017,AL-502,-331,-24,-22,5,-303
2017-2015,AL-502,168,19,46,2,107
2015-2016,AL-502,-147,-6,-51,-4,-88
2014-2016,AL-503,-39,-12,14,-14,-187
2016-2015,AL-503,166,0,32,44,291
2015-2017,AL-503,-207,15,22,-81,-155
2015-2016,AL-504,-414,15,-52,0,-307
2016-2017,AL-504,346,-4,26,-2,327
2017-2014,AL-504,-145,-16,29,-75,-179
2017-2015,AL-505,138,92,4,18,218
2015-2014,AL-505,-69,2,18,-12,-94
2014-2016,AL-505,-85,-20,8,5,-41
2015-2016,AL-506,-181,11,-35,-24,-133
2016-2017,AL-506,20,-11,-11,0,31
2017-2014,AL-506,60,6,-5,-3,44
2016-2015,AL-507,1942,67,91,17,1784
2015-2014,AL-507,256,22,-40,-32,649
2014-2017,AL-507,-1884,5,-6,41,-2377
2014-2015,AR-500,-114,9,-37,0,-138
2015-2016,AR-500,221,-2,29,-9,278
2016-2017,AR-500,177,-2,-14,22,42
2016-2015,AR-501,-164,-12,-80,-44,-165
2015-2017,AR-501,371,-17,-1,50,291
2017-2014,AR-501,-203,8,71,-37,-308
2014-2015,AR-503,147,1,105,13,178
2015-2016,AR-503,266,25,-194,59,580
2016-2017,AR-503,304,-18,-55,-87,-336
2014-2015,AR-504,-57,2,-86,1,105
2015-2017,AR-504,238,13,-74,3,-690
2017-2016,AR-504,-2,11,72,10,699
2017-2016,AR-505,-103,5,3,20,103
2016-2015,AR-505,-149,-5,1,-6,-150
2015-2014,AR-505,80,14,12,-3,50
2017-2015,AZ-500,-803,-111,-176,-109,-440
2015-2016,AZ-500,629,67,180,25,241
2016-2014,AZ-500,-699,-46,-153,-4,-408
2014-2016,AZ-501,-1156,16,-27,11,-1082
2016-2017,AZ-501,-240,-9,-762,37,-192
2017-2015,AZ-501,1230,-15,911,-55,1060
2017-2016,AZ-502,-647,51,-389,-231,-330
2016-2015,AZ-502,2906,137,1572,-7,1747
2015-2014,AZ-502,145,50,232,-218,-265
2014-2015,CA-500,-1615,-43,-246,35,-1345
2015-2016,CA-500,2091,201,63,-8,1925
2016-2017,CA-500,658,22,117,-30,544
2014-2016,CA-501,-256,13,-10,-47,-218
2016-2015,CA-501,102,-8,-68,75,109
2015-2017,CA-501,-204,2,-134,-140,66
2016-2015,CA-502,-206,-30,-124,-87,-9
2015-2014,CA-502,1048,210,95,107,642
2014-2017,CA-502,-72,-137,9,1,96
2016-2017,CA-503,1099,130,65,229,765
2017-2014,CA-503,2715,-48,151,-294,2910
2014-2015,CA-503,-3340,-107,-269,-46,-2942
2017-2016,CA-504,-260,22,-79,-10,-272
2016-2015,CA-504,259,10,-55,22,434
2015-2014,CA-504,647,2,-5,22,591
2015-2017,CA-505,64,10,52,70,-78
2017-2014,CA-505,797,320,-32,-99,614
2014-2016,CA-505,-1095,-332,-33,46,-792
2015-2014,CA-506,1713,349,48,54,1220
2014-2017,CA-506,266,-140,42,-2,401
2017-2016,CA-506,-664,-61,-85,-42,-741
2015-2017,CA-507,-143,0,-9,2,-257
2017-2014,CA-507,63,4,-2,5,264
2014-2016,CA-507,-11,3,0,2,-71
2015-2014,CA-508,-59,-111,-141,-10,193
2014-2017,CA-508,640,78,119,18,428
2017-2016,CA-508,-403,-25,-27,-30,-332
2016-2015,CA-509,-112,-33,-35,-4,-135
2015-2017,CA-509,242,5,36,30,234
2017-2014,CA-509,-136,-8,1,-46,-137
2014-2015,CA-510,-3351,1,-157,5,-3218
2015-2016,CA-510,-842,-10,130,34,-994
2016-2017,CA-510,343,44,-30,62,278
2017-2016,CA-511,-703,-23,4,-80,-584
2016-2014,CA-511,766,-35,116,-174,737
2014-2015,CA-511,-815,27,-147,130,-695
2016-2017,CA-512,397,5,4,-15,393
2017-2014,CA-512,-87,-16,4,2,-100
2014-2015,CA-512,-379,6,-14,19,-347
2015-2017,CA-513,-119,-32,-18,55,-251
2017-2014,CA-513,2538,101,271,-3,2272
2014-2016,CA-513,-2857,-61,-289,-23,-2386
2016-2015,CA-514,-906,-55,-128,-66,-750
2015-2014,CA-514,4078,6,274,100,3448
2014-2017,CA-514,-2497,105,-131,25,-2529
2014-2016,CA-515,-101,7,50,60,-38
2016-2015,CA-515,-548,-23,-50,-25,-474
2015-2017,CA-515,741,37,69,35,595
2014-2017,CA-516,-527,-92,-88,12,-229
2017-2015,CA-516,-126,-16,23,0,-96
2015-2016,CA-516,69,-1,-9,-39,62
2016-2014,CA-517,15,-8,-6,7,28
2014-2015,CA-517,-158,-10,-11,-14,-128
2015-2017,CA-517,225,34,57,9,126
2015-2016,CA-518,440,9,50,39,563
2016-2017,CA-518,-46,-6,-14,31,-59
2017-2014,CA-518,336,13,94,-7,233
2016-2015,CA-519,-416,-28,-43,-11,-284
2015-2017,CA-519,564,25,39,34,467
2017-2014,CA-519,-162,9,81,-18,-277
2017-2016,CA-520,-520,17,-4,-25,-801
2016-2014,CA-520,381,-14,15,-53,539
2014-2015,CA-520,-620,-4,-10,-9,-374
2017-2014,CA-521,387,29,56,-76,394
2014-2015,CA-521,-454,-29,-35,-22,-379
2015-2016,CA-521,46,-2,18,32,36
2017-2016,CA-522,-142,-25,6,9,-98
2016-2014,CA-522,-54,-19,-99,9,55
2014-2015,CA-522,-454,53,84,-87,-452
2014-2016,CA-524,-252,-11,-25,-67,-160
2016-2015,CA-524,-80,-8,-32,32,-47
2015-2017,CA-524,147,5,21,24,55
2014-2017,CA-525,137,39,14,5,102
2017-2016,CA-525,-85,-15,21,-1,-25
2016-2015,CA-525,60,-21,5,-18,36
2014-2015,CA-526,-441,-244,-25,-16,-150
2015-2016,CA-526,988,13,662,9,269
2016-2017,CA-526,-782,6,-649,15,-212
2017-2014,CA-527,96,0,27,-12,75
2014-2015,CA-527,-308,-14,-33,-1,-268
2015-2016,CA-527,129,12,15,9,112
2017-2016,CA-529,16,-15,-6,3,19
2016-2015,CA-529,122,0,-1,1,135
2015-2014,CA-529,190,8,3,21,160
2014-2016,CA-530,-46,23,11,-1,-84
2016-2017,CA-530,-18,2,-19,-3,2
2017-2015,CA-530,-67,-17,-10,3,-35
2015-2014,CA-600,17681,1697,1901,1896,12160
2014-2016,CA-600,-12570,-769,-1023,-1338,-9842
2016-2017,CA-600,11117,2145,916,1256,7015
2016-2014,CA-601,3618,126,1502,-121,2193
2014-2017,CA-601,-3442,-114,-1362,231,-2192
2017-2015,CA-601,-1040,-184,357,-451,-719
2014-2016,CA-602,-7644,40,-646,-59,-6917
2016-2017,CA-602,27,59,-95,173,-221
2017-2015,CA-602,-1132,-116,132,-396,-655
2015-2016,CA-603,1090,22,86,24,974
2016-2014,CA-603,967,-13,-12,25,916
2014-2017,CA-603,-1466,37,-54,-8,-1407
2016-2017,CA-604,-542,16,-68,81,-651
2017-2014,CA-604,2552,7,-237,-140,2721
2014-2015,CA-604,-1839,-4,371,39,-1874
2016-2015,CA-606,-906,-25,-23,-40,-818
2015-2017,CA-606,1950,30,-25,32,1913
2017-2014,CA-606,-1802,-32,153,2,-1925
2017-2016,CA-607,-254,-23,-45,-13,-173
2016-2015,CA-607,403,25,64,15,299
2015-2014,CA-607,64,-50,-7,-42,131
2016-2014,CA-608,4779,75,-75,-98,4940
2014-2017,CA-608,-5324,84,-53,307,-5624
2017-2015,CA-608,-222,-175,82,-290,97
2014-2017,CA-609,-5240,-567,63,497,-5324
2017-2016,CA-609,824,12,80,-269,1312
2016-2015,CA-609,-4143,-129,-432,-248,-3304
2014-2017,CA-611,-2909,37,-25,-44,-2459
2017-2015,CA-611,-1064,-89,-76,-12,-1028
2015-2016,CA-611,722,37,84,24,330
2014-2015,CA-612,-360,3,-27,13,-349
2015-2017,CA-612,611,4,-16,-4,627
2017-2016,CA-612,-284,-2,7,-9,-280
2017-2015,CA-613,275,-3,-2,-16,199
2015-2016,CA-613,188,-3,28,-13,116
2016-2014,CA-613,240,31,-23,25,293
2016-2014,CA-614,-350,-70,-41,-9,-346
2014-2017,CA-614,272,46,53,-55,340
2017-2015,CA-614,-330,-13,-20,47,-290
2015-2017,CO-500,-3,129,-38,108,-221
2017-2014,CO-500,414,-214,847,-180,25
2014-2016,CO-500,-419,77,-739,117,128
2017-2014,CO-503,2329,-247,216,869,1449
2014-2015,CO-503,665,96,120,-212,685
2015-2016,CO-503,-891,4,-128,-118,-653
2014-2015,CO-504,225,21,-7,75,95
2015-2016,CO-504,-240,36,-99,-31,-110
2016-2017,CO-504,148,29,87,25,-25
2016-2015,CT-503,-201,0,-89,-17,-106
2015-2017,CT-503,299,17,98,-5,179
2017-2014,CT-503,-230,-17,-58,11,-142
2017-2015,CT-505,-976,-13,-166,-94,-694
2015-2016,CT-505,482,-6,140,21,284
2016-2014,CT-505,-788,3,-207,-70,-493
2017-2014,DC-500,-2857,-93,-1253,-454,-1816
2014-2015,DC-500,-201,32,629,226,-246
2015-2016,DC-500,3032,67,1081,78,1216
2017-2015,DE-500,-229,-19,46,-30,-311
2015-2016,DE-500,130,3,-22,99,122
2016-2014,DE-500,1125,5,102,-21,921
2016-2014,FL-500,330,-4,-45,88,291
2014-2015,FL-500,-31,8,-53,46,-32
2015-2017,FL-500,-45,16,52,-90,-23
2014-2017,FL-501,-22,40,145,131,-338
2017-2016,FL-501,104,2,-26,-81,209
2016-2015,FL-501,492,-9,-5,-41,547
2015-2017,FL-502,253,20,-8,12,229
2017-2016,FL-502,-508,17,-127,-13,-385
2016-2014,FL-502,-466,-49,-6,-35,-376
2015-2017,FL-503,-456,-121,-75,40,-300
2017-2016,FL-503,523,111,-4,6,410
2016-2014,FL-503,160,35,18,35,72
2017-2015,FL-504,69,-16,-7,35,57
2015-2016,FL-504,-253,2,-10,-37,-208
2016-2014,FL-504,99,-30,22,-62,169
2017-2015,FL-505,-124,0,-255,4,127
2015-2016,FL-505,310,16,33,24,237
2016-2014,FL-505,-244,-19,-27,-23,-183
2014-2016,FL-506,-415,-34,7,-15,-386
2016-2017,FL-506,-192,112,34,3,-284
2017-2015,FL-506,144,-48,-24,9,223
2016-2015,FL-507,1115,12,23,92,988
2015-2017,FL-507,-2439,-40,-238,7,-2181
2017-2014,FL-507,2656,0,292,-229,2606
2016-2015,FL-508,-64,-15,-8,-17,-34
2015-2014,FL-508,147,16,-16,20,133
2014-2017,FL-508,-32,-4,23,-2,-61
2016-2014,FL-509,-162,8,25,-36,-157
2014-2017,FL-509,389,5,19,81,302
2017-2015,FL-509,-313,-7,16,-74,-270
2015-2017,FL-510,723,23,-198,113,785
2017-2014,FL-510,-822,-49,250,-69,-954
2014-2016,FL-510,-109,32,-297,-48,204
2017-2015,FL-511,906,-12,61,43,814
2015-2014,FL-511,194,15,19,41,119
2014-2016,FL-511,-645,-3,-44,-40,-558
2014-2015,FL-512,15,-15,8,12,9
2015-2016,FL-512,3,9,0,6,-9
2016-2017,FL-512,72,3,0,-26,90
2015-2014,FL-513,-156,7,25,-31,-157
2014-2016,FL-513,283,29,-6,-6,266
2016-2017,FL-513,292,32,-10,40,230
2014-2015,FL-514,311,14,29,42,226
2015-2016,FL-514,-192,-9,-39,-5,-139
2016-2017,FL-514,-67,9,-29,11,-58
2015-2014,FL-515,-347,16,16,-25,-340
2014-2017,FL-515,446,23,-50,49,349
2017-2016,FL-515,-9,-36,2,8,95
2017-2014,FL-517,46,9,-74,-2,616
2014-2015,FL-517,-167,7,-13,-10,-171
2015-2016,FL-517,-30,4,18,20,-430
2016-2017,FL-518,68,-15,-13,43,89
2017-2015,FL-518,-104,27,49,-21,-195
2015-2014,FL-518,-115,-23,-58,3,-36
2015-2016,FL-519,-87,-17,-26,15,-59
2016-2017,FL-519,-115,32,-45,15,-117
2017-2014,FL-519,94,-8,54,-63,111
2015-2014,FL-520,739,-26,47,19,699
2014-2016,FL-520,-460,34,163,50,-707
2016-2017,FL-520,49,5,-115,31,128
2014-2017,FL-600,4843,238,478,223,3904
2017-2016,FL-600,-1957,-61,-313,-105,-1478
2016-2015,FL-600,-2107,-51,-67,-83,-1906
2017-2016,FL-601,-423,-44,127,-206,-292
2016-2015,FL-601,88,6,-1,39,43
2015-2014,FL-601,-55,50,-66,-15,-27
2014-2015,FL-602,-15,-2,16,21,-50
2015-2016,FL-602,-76,-1,4,-13,-66
2016-2017,FL-602,26,18,-10,19,-1
2015-2016,FL-603,40,10,-106,42,94
2016-2014,FL-603,8,11,196,-75,-124
2014-2017,FL-603,200,1,-243,147,295
2016-2014,FL-604,-2,-11,15,-3,-3
2014-2015,FL-604,74,11,6,5,52
2015-2017,FL-604,-96,11,-55,-6,-46
2014-2017,FL-605,1329,10,6,93,1230
2017-2015,FL-605,-559,-18,197,-33,-707
2015-2016,FL-605,7,10,-73,6,59
2016-2017,FL-606,94,14,-52,-28,160
2017-2014,FL-606,-55,-15,-14,14,-40
2014-2015,FL-606,-63,0,24,5,-92
2016-2014,GA-500,-369,-15,-82,-47,-225
2014-2017,GA-500,-604,20,-320,97,-401
2017-2015,GA-500,832,-18,352,-23,513
2015-2017,GA-501,2417,23,-213,470,1824
2017-2016,GA-501,-1050,40,149,-292,-511
2016-2014,GA-501,-1723,-4,-124,-669,-1444
2017-2014,GA-502,-6,0,0,0,0
2014-2016,GA-502,7,0,0,0,0
2016-2015,GA-502,-4,0,0,0,0
2017-2016,GA-503,-123,12,21,-31,-125
2016-2014,GA-503,-83,-13,-67,-25,22
2014-2015,GA-503,202,7,54,31,110
2015-2014,GA-504,27,-3,-6,-25,21
2014-2017,GA-504,73,0,47,65,1
2017-2016,GA-504,-34,8,-33,-6,-3
2016-2014,GA-505,344,3,-32,-25,398
2014-2015,GA-505,254,1,6,0,247
2015-2017,GA-505,-743,-1,20,26,-788
2016-2015,GA-506,-98,-10,4,-19,-54
2015-2014,GA-506,-176,-4,46,-271,34
2014-2017,GA-506,222,21,12,189,70
2016-2014,GA-507,190,42,33,13,102
2014-2017,GA-507,-224,-31,-15,-49,-129
2017-2015,GA-507,-5,1,-27,41,-20
2014-2015,GA-508,176,27,1,78,70
2015-2017,GA-508,-156,-19,-53,22,-108
2017-2016,GA-508,-256,5,20,-46,-237
2016-2017,HI-501,-832,-132,-404,11,-314
2017-2015,HI-501,568,-11,178,-2,410
2015-2014,HI-501,-892,11,-117,18,-804
2017-2014,IA-500,-119,-17,-82,28,-45
2014-2015,IA-500,65,9,10,25,30
2015-2016,IA-500,56,-9,46,-49,23
2015-2016,IA-501,-160,-23,-15,-101,-90
2016-2014,IA-501,-155,3,-4,73,-131
2014-2017,IA-501,114,14,47,-88,132
2017-2014,IA-502,-128,1,24,-32,-224
2014-2016,IA-502,78,2,-26,24,148
2016-2015,IA-502,-19,9,-6,31,-31
2015-2016,ID-500,-216,-35,-23,11,-170
2016-2014,ID-500,93,-23,-6,-31,131
2014-2017,ID-500,84,24,8,25,47
2016-2014,ID-501,-1054,7,-83,-80,-830
2014-2017,ID-501,1270,28,39,76,1092
2017-2015,ID-501,-700,-69,14,-134,-694
2014-2016,IL-500,-61,4,21,1,-76
2016-2017,IL-500,157,2,-9,27,182
2017-2015,IL-500,8,3,-6,-7,22
2014-2016,IL-501,215,13,43,0,158
2016-2015,IL-501,-124,-6,-17,35,-158
2015-2017,IL-501,292,-9,-11,-28,315
2015-2016,IL-502,-8,13,28,-37,-82
2016-2017,IL-502,93,2,25,69,69
2017-2014,IL-502,-300,-14,-57,-50,-202
2016-2015,IL-503,-61,-3,-48,22,-16
2015-2014,IL-503,148,56,30,-41,-93
2014-2017,IL-503,18,-24,27,22,197
2016-2014,IL-504,426,2,16,35,738
2014-2015,IL-504,-237,-2,126,-18,-330
2015-2017,IL-504,-391,-3,-184,2,-410
2016-2015,IL-506,-199,16,-102,-1,-173
2015-2014,IL-506,35,-11,-15,-14,44
2014-2017,IL-506,51,-5,-55,-41,81
2015-2016,IL-507,-210,-19,-149,-38,-4
2016-2014,IL-507,755,-2,396,146,177
2014-2017,IL-507,-609,0,-377,-142,43
2017-2015,IL-508,100,-3,20,7,32
2015-2016,IL-508,91,16,21,24,61
2016-2014,IL-508,-240,-23,-22,-17,-138
2017-2015,IL-509,39,-3,-65,-6,-63
2015-2014,IL-509,-18,3,84,4,41
2014-2016,IL-509,-59,-3,-24,-4,-1
2016-2015,IL-510,1382,-102,174,4,1448
2015-2017,IL-510,-2007,-51,-60,548,-2445
2017-2014,IL-510,3714,71,-19,-531,3914
2016-2014,IL-511,-139,16,-33,53,-265
2014-2015,IL-511,374,-1,-22,-38,332
2015-2017,IL-511,27,-15,221,50,-5
2015-2014,IL-512,-86,-5,-2,-43,83
2014-2017,IL-512,209,10,-18,15,103
2017-2016,IL-512,-105,-7,-16,9,59
2015-2016,IL-513,-127,1,-23,1,-112
2016-2014,IL-513,234,4,29,14,233
2014-2017,IL-513,-204,-9,20,-56,-223
2014-2016,IL-514,129,-21,10,65,86
2016-2017,IL-514,21,-6,18,-47,106
2017-2015,IL-514,-151,5,-16,-35,-205
2014-2015,IL-515,-55,0,45,-8,335
2015-2016,IL-515,269,0,34,8,87
2016-2017,IL-515,243,0,30,12,-109
2015-2017,IL-516,105,0,21,0,94
2017-2014,IL-516,5,6,-1,7,-3
2014-2016,IL-516,122,-2,8,7,81
2017-2016,IL-517,-285,5,2,18,-295
2016-2014,IL-517,-30,1,-16,-40,-54
2014-2015,IL-517,43,-5,1,61,33
2016-2014,IL-518,90,7,36,20,61
2014-2017,IL-518,-101,-2,-103,-9,12
2017-2015,IL-518,41,3,50,-7,-99
2016-2015,IL-519,176,3,44,12,10
2015-2017,IL-519,-168,-3,-40,32,5
2017-2014,IL-519,158,0,40,-41,170
2014-2016,IL-520,-89,-18,-72,7,-148
2016-2017,IL-520,341,27,-121,-27,219
2017-2015,IL-520,-508,-12,85,-15,-131
2014-2016,IN-500,93,0,42,-8,-10
2016-2015,IN-500,-67,0,-50,9,47
2015-2017,IN-500,225,0,74,-2,136
2014-2016,IN-502,27,-44,316,-32,-296
2016-2017,IN-502,276,35,279,-137,-234
2017-2015,IN-502,24,48,-220,33,289
2016-2014,IN-503,208,-43,31,-29,259
2014-2017,IN-503,-34,-73,-1,39,-92
2017-2015,IN-503,849,160,104,20,441
2015-2016,KS-502,380,13,-30,52,316
2016-2014,KS-502,-153,-19,-34,-32,-100
2014-2017,KS-502,-292,12,131,-39,-369
2015-2014,KS-503,70,3,32,25,28
2014-2017,KS-503,7,-3,-14,-20,36
2017-2016,KS-503,118,3,30,24,77
2015-2014,KS-505,145,5,6,1,50
2014-2017,KS-505,-151,-11,-14,3,-58
2017-2016,KS-505,-8,6,-15,5,24
2016-2017,KS-507,-159,48,154,-61,-245
2017-2014,KS-507,213,-51,-110,-21,337
2014-2015,KS-507,-23,-10,24,-15,14
2015-2017,KY-500,-677,369,-414,73,308
2017-2014,KY-500,397,-385,1658,-8,-1962
2014-2016,KY-500,102,528,-1422,62,2067
2016-2015,KY-501,450,-74,-215,37,631
2015-2014,KY-501,1612,-33,1006,-16,81
2014-2017,KY-501,-2321,1680,-1969,-119,-1268
2014-2016,KY-502,288,21,37,55,210
2016-2017,KY-502,-51,-4,-27,-10,-10
2017-2015,KY-502,-181,-10,24,-15,-213
2014-2016,LA-500,-525,2,-58,44,-216
2016-2017,LA-500,358,45,59,143,169
2017-2015,LA-500,-41,-54,3,-128,-157
2014-2017,LA-502,-284,27,-25,-34,-42
2017-2015,LA-502,208,-67,-95,28,214
2015-2016,LA-502,-161,31,86,-1,-175
2014-2015,LA-503,361,59,35,23,330
2015-2016,LA-503,-370,-124,79,-16,-865
2016-2017,LA-503,395,-88,40,32,713
2014-2017,LA-504,4703,157,872,257,3309
2017-2015,LA-504,-4682,-157,-849,-261,-3690
2015-2016,LA-504,-449,-19,-2,2,-64
2016-2015,LA-505,-706,-6,-71,-70,-603
2015-2017,LA-505,-294,0,-3,19,-259
2017-2014,LA-505,332,0,34,5,119
2016-2015,LA-506,-261,-15,-17,1,-265
2015-2017,LA-506,6320,221,2766,207,3220
2017-2014,LA-506,-6304,-182,-2772,-228,-3251
2015-2014,LA-507,-90,-24,-62,44,30
2014-2016,LA-507,345,-70,223,-40,126
2016-2017,LA-507,202,-11,49,17,121
2015-2017,LA-508,49,-20,24,-17,-200
2017-2014,LA-508,35,17,6,44,204
2014-2016,LA-508,61,7,-12,-31,160
2014-2016,LA-509,-135,12,-96,3,290
2016-2015,LA-509,-38,29,-3,7,-335
2015-2017,LA-509,-475,-298,-7,-13,42
2016-2015,MA-500,-1030,8,-798,28,-258
2015-2017,MA-500,317,-66,1326,-598,-347
2017-2014,MA-500,-899,-7,-1565,580,79
2016-2015,MA-502,-48,3,-56,71,-66
2015-2017,MA-502,111,-3,111,-93,96
2017-2014,MA-502,-260,0,-194,-22,-145
2014-2016,MA-503,2,0,27,-27,29
2016-2017,MA-503,47,2,-30,-4,51
2017-2015,MA-503,-40,-2,12,1,-86
2015-2017,MA-504,9,0,313,-535,231
2017-2014,MA-504,-280,0,-644,663,-300
2014-2016,MA-504,402,0,427,-645,426
2016-2015,MA-505,-184,-4,-23,-24,-148
2015-2017,MA-505,572,-4,105,-24,460
2017-2014,MA-505,-636,3,-165,57,-483
2014-2017,MA-506,629,-8,94,-135,655
2017-2016,MA-506,-216,2,3,77,-214
2016-2015,MA-506,-181,4,-52,73,-237
2015-2016,MA-507,-81,-3,-40,-92,10
2016-2017,MA-507,-34,0,50,-81,-15
2017-2014,MA-507,161,0,-64,162,33
2015-2016,MA-508,102,0,18,56,105
2016-2017,MA-508,192,0,125,-2,63
2017-2014,MA-508,-395,0,-222,39,-211
2017-2015,MA-509,-1,0,-18,-2,3
2015-2016,MA-509,47,0,26,10,20
2016-2014,MA-509,-117,0,-45,-18,-55
2016-2017,MA-510,191,3,108,-70,179
2017-2014,MA-510,-266,-5,-183,138,-270
2014-2015,MA-510,69,4,-19,-4,99
2015-2014,MA-511,-233,10,-200,-58,-21
2014-2016,MA-511,38,-4,62,-16,29
2016-2017,MA-511,-159,-1,13,-176,2
2014-2015,MA-515,-44,0,60,-27,-82
2015-2016,MA-515,-41,0,-29,-21,14
2016-2017,MA-515,83,4,11,-2,58
2015-2014,MA-516,-118,-1,-44,6,-94
2014-2016,MA-516,276,3,45,37,206
2016-2017,MA-516,104,16,57,-112,98
2016-2014,MA-517,-6,0,-2,3,-7
2014-2015,MA-517,4,0,-11,-3,16
2015-2017,MA-517,34,0,47,-8,-3
2014-2017,MA-518,-7,0,2,-32,16
2017-2015,MA-518,105,3,20,63,31
2015-2016,MA-518,-55,-3,-31,-4,-38
2014-2016,MA-519,124,0,41,51,6
2016-2015,MA-519,-85,0,13,-49,-30
2015-2017,MA-519,-73,4,-55,-108,116
2014-2017,MA-599,-219,4,85,-244,-48
2017-2016,MA-599,88,-7,-4,141,-31
2016-2015,MA-599,-1,0,-19,64,-10
2016-2017,MD-500,-60,0,-13,0,-41
2017-2014,MD-500,-7,0,-2,0,0
2014-2015,MD-500,5,0,-3,0,4
2017-2015,MD-501,-583,0,21,0,-502
2015-2016,MD-501,-87,93,13,17,-207
2016-2014,MD-501,542,-93,48,-17,602
2016-2015,MD-502,52,-10,-26,17,71
2015-2017,MD-502,-26,15,9,-21,-29
2017-2014,MD-502,50,-1,5,32,14
2015-2014,MD-503,-130,8,-6,63,-195
2014-2016,MD-503,-71,-14,1,-218,54
2016-2017,MD-503,41,9,-10,96,52
2014-2017,MD-504,-18,8,62,12,-100
2017-2015,MD-504,-33,-4,-47,-21,39
2015-2016,MD-504,56,5,49,28,-26
2017-2016,MD-505,-25,17,23,42,-107
2016-2015,MD-505,-295,-27,-16,-28,-224
2015-2014,MD-505,-64,9,21,-55,-39
2014-2016,MD-506,-3,-5,-4,0,6
2016-2017,MD-506,27,1,13,8,5
2017-2015,MD-506,-8,2,11,-19,-2
2017-2014,MD-507,-290,0,-31,-24,-235
2014-2016,MD-507,180,5,12,1,162
2016-2015,MD-507,-65,-5,-19,13,-54
2017-2015,MD-508,-26,-2,-36,9,-31
2015-2016,MD-508,-73,3,-12,29,-64
2016-2014,MD-508,124,-11,27,-60,152
2017-2016,MD-509,-17,-4,0,-9,-4
2016-2015,MD-509,29,42,48,2,-63
2015-2014,MD-509,3,46,-60,24,-7
2016-2014,MD-510,-33,0,-9,0,-50
2014-2017,MD-510,13,0,0,0,0
2017-2015,MD-510,14,3,5,3,42
2014-2016,MD-511,175,0,-1,-8,176
2016-2017,MD-511,93,3,31,14,49
2017-2015,MD-511,-212,0,-43,-17,-153
2017-2016,MD-512,-88,-9,-122,-21,-44
2016-2014,MD-512,-173,3,119,-61,-126
2014-2015,MD-512,192,4,53,37,98
2015-2016,MD-513,-373,-28,-14,27,-356
2016-2014,MD-513,289,0,-14,-15,345
2014-2017,MD-513,-243,3,55,-38,-329
2017-2015,MD-600,238,9,91,37,107
2015-2016,MD-600,323,-3,68,4,243
2016-2014,MD-600,-194,-5,-42,-70,-75
2017-2016,MD-601,-258,3,24,-39,-246
2016-2015,MD-601,-177,0,-26,72,-223
2015-2014,MD-601,18,-2,-40,1,59
2015-2016,ME-500,133,11,-77,100,54
2016-2014,ME-500,-128,-30,39,-72,-28
2014-2017,ME-500,348,41,59,31,126
2017-2016,ME-502,-96,-7,-16,-15,-58
2016-2014,ME-502,-73,0,-24,-37,-30
2014-2015,ME-502,-42,0,-33,22,-13
2017-2016,MI-500,1452,24,768,-20,943
2016-2015,MI-500,516,-11,-306,-120,542
2015-2014,MI-500,-583,-21,90,20,-480
2014-2015,MI-501,435,13,150,75,112
2015-2016,MI-501,-302,-5,35,25,-317
2016-2017,MI-501,-1280,-57,-578,-101,-666
2015-2014,MI-502,-179,0,20,2,-191
2014-2016,MI-502,212,0,21,-11,55
2016-2017,MI-502,198,23,20,-1,241
2017-2014,MI-503,-343,-4,114,-32,-454
2014-2016,MI-503,352,2,-34,11,424
2016-2015,MI-503,-5,-6,11,3,-114
2017-2016,MI-504,328,11,141,-1,190
2016-2015,MI-504,233,4,31,33,32
2015-2014,MI-504,-188,4,22,-63,-31
2014-2017,MI-505,-87,2,-18,77,10
2017-2016,MI-505,134,-3,-58,-41,78
2016-2015,MI-505,283,-5,63,-13,262
2014-2015,MI-506,667,191,266,10,183
2015-2017,MI-506,-562,-149,-709,196,135
2017-2016,MI-506,-74,53,43,-112,-127
2015-2016,MI-507,16,-25,-117,-37,151
2016-2017,MI-507,-155,3,-116,42,-104
2017-2014,MI-507,27,-3,230,-92,-137
2016-2015,MI-508,-245,5,-55,53,-104
2015-2017,MI-508,310,4,14,67,224
2017-2014,MI-508,-178,-9,8,-38,-211
2017-2014,MI-509,-173,88,-115,1,-135
2014-2015,MI-509,235,-92,58,10,229
2015-2016,MI-509,29,37,35,15,-50
2016-2015,MI-510,-23,7,23,4,57
2015-2014,MI-510,2,-7,86,2,-107
2014-2017,MI-510,-72,4,-111,-1,47
2017-2014,MI-511,72,3,3,0,64
2014-2015,MI-511,-74,-3,-4,3,-119
2015-2016,MI-511,21,0,10,2,6
2017-2016,MI-512,182,2,118,-12,134
2016-2014,MI-512,185,-21,-30,14,168
2014-2015,MI-512,-91,14,8,-4,-84
2016-2017,MI-513,6,0,-41,3,45
2017-2015,MI-513,54,4,76,1,8
2015-2014,MI-513,-46,-4,-23,1,-55
2014-2016,MI-514,73,0,-50,58,50
2016-2015,MI-514,61,14,48,-37,30
2015-2017,MI-514,-204,-14,-106,-9,-67
2014-2016,MI-515,123,1,48,23,65
2016-2017,MI-515,-112,3,-34,-7,-68
2017-2015,MI-515,60,-4,-32,16,18
2017-2016,MI-516,185,6,127,-18,102
2016-2014,MI-516,31,-6,1,6,23
2014-2015,MI-516,-54,3,-45,4,-50
2015-2017,MI-517,-98,6,-40,7,-200
2017-2016,MI-517,-24,-3,-22,-9,-40
2016-2014,MI-517,259,-3,59,-5,344
2014-2015,MI-518,116,0,28,3,71
2015-2017,MI-518,-151,0,-50,6,-102
2017-2016,MI-518,42,4,44,-27,43
2015-2016,MI-519,-123,10,-20,-22,-154
2016-2014,MI-519,2,-16,-10,10,37
2014-2017,MI-519,-62,4,-20,12,-43
2016-2017,MI-523,-2,-3,49,5,-44
2017-2015,MI-523,175,7,-27,0,237
2015-2014,MI-523,-29,-7,-94,-11,34
2014-2017,MN-500,409,41,-220,-215,736
2017-2015,MN-500,-377,4,371,299,-1027
2015-2016,MN-500,-589,-41,-223,-306,9
2017-2014,MN-501,-107,-82,247,-8,-238
2014-2015,MN-501,49,35,-68,-34,125
2015-2016,MN-501,80,19,194,-18,-135
2017-2015,MN-502,-543,-8,-106,-8,-413
2015-2014,MN-502,-171,-10,-72,-6,-90
2014-2016,MN-502,821,46,142,75,574
2017-2015,MN-503,-942,-6,-50,-92,-697
2015-2014,MN-503,-160,29,-86,47,-158
2014-2016,MN-503,812,-44,208,-17,663
2017-2015,MN-504,-50,3,8,-13,-29
2015-2016,MN-504,42,3,8,-9,46
2016-2014,MN-504,-50,-1,-9,13,-59
2015-2014,MN-505,-95,6,-17,-7,-62
2014-2016,MN-505,309,27,135,-32,151
2016-2017,MN-505,67,-13,-139,61,160
2014-2017,MN-506,376,21,5,11,343
2017-2016,MN-506,-124,-15,54,-7,-169
2016-2015,MN-506,-227,1,-106,12,-120
2016-2015,MN-508,-31,11,-9,28,-28
2015-2017,MN-508,-48,-7,-43,-6,-7
2017-2014,MN-508,-102,-7,9,-20,-96
2015-2014,MN-509,-170,3,-72,-33,-64
2014-2016,MN-509,148,-11,-6,-20,175
2016-2017,MN-509,83,10,-17,10,92
2014-2015,MN-511,12,-6,48,-27,-8
2015-2017,MN-511,-26,0,7,1,-15
2017-2016,MN-511,74,0,-30,-11,106
2014-2016,MO-500,368,13,86,20,261
2016-2015,MO-500,-177,-11,-119,22,-73
2015-2017,MO-500,553,21,113,-10,408
2015-2017,MO-501,489,0,-3,43,418
2017-2014,MO-501,-580,14,-3,-31,-544
2014-2016,MO-501,508,-14,37,6,501
2014-2017,MO-503,210,5,40,1,200
2017-2015,MO-503,-262,0,-51,-9,-195
2015-2016,MO-503,179,-6,31,-17,139
2015-2014,MO-600,-476,5,-87,5,-467
2014-2016,MO-600,594,-4,95,-53,461
2016-2017,MO-600,381,3,-25,64,345
2017-2014,MO-602,-86,0,20,-21,16
2014-2016,MO-602,165,9,31,26,120
2016-2015,MO-602,-158,-16,-28,-24,-168
2016-2014,MO-603,254,-87,27,5,347
2014-2015,MO-603,-115,35,-38,20,-127
2015-2017,MO-603,-128,-61,52,-39,-157
2017-2014,MO-604,502,-9,-17,-14,565
2014-2016,MO-604,56,24,-29,100,-65
2016-2015,MO-604,-318,199,-182,-75,-220
2016-2017,MO-606,1301,82,151,102,1092
2017-2014,MO-606,-1761,1,-25,-216,-1747
2014-2015,MO-606,338,-28,-54,-83,637
2014-2015,MS-500,1700,21,-39,30,1748
2015-2016,MS-500,986,-21,48,6,916
2016-2017,MS-500,390,7,18,35,374
2016-2017,MS-501,-175,0,8,-37,-19
2017-2014,MS-501,837,106,-1,48,749
2014-2015,MS-501,-675,-104,-40,-42,-1374
2017-2015,MS-503,258,-10,-55,-77,362
2015-2016,MS-503,-512,-11,45,4,-645
2016-2014,MS-503,830,26,-82,54,878
2017-2016,MT-500,-613,-107,-61,-36,-550
2016-2015,MT-500,23,7,-5,29,17
2015-2014,MT-500,-413,-22,55,-33,-310
2017-2015,NC-500,-150,-13,-26,-4,-107
2015-2016,NC-500,-34,2,-33,-27,24
2016-2014,NC-500,49,-7,55,16,-15
2014-2016,NC-501,54,21,-58,44,47
2016-2015,NC-501,-17,-10,42,-17,-32
2015-2017,NC-501,52,0,-31,5,78
2015-2017,NC-502,95,17,53,73,-76
2017-2016,NC-502,35,-11,-21,-80,159
2016-2014,NC-502,-90,-12,-70,61,-150
2017-2016,NC-503,-1348,83,107,-414,-891
2016-2014,NC-503,107,-504,-181,-520,1223
2014-2015,NC-503,149,264,118,189,-370
2017-2014,NC-504,-482,-3,24,-101,-399
2014-2016,NC-504,146,-14,-11,63,108
2016-2015,NC-504,180,9,58,-31,144
2015-2017,NC-505,-253,26,-25,-121,-130
2017-2016,NC-505,-241,-2,50,-22,-280
2016-2014,NC-505,380,10,-126,2,523
2015-2014,NC-506,-190,-4,66,-42,-202
2014-2016,NC-506,397,21,-59,53,393
2016-2017,NC-506,-158,-9,-70,41,-137
2016-2014,NC-507,-555,-6,-7,-141,-401
2014-2015,NC-507,364,5,75,2,289
2015-2017,NC-507,861,2,-40,299,594
2016-2015,NC-509,-94,1,-9,-67,-33
2015-2017,NC-509,181,6,30,48,120
2017-2014,NC-509,-403,16,-36,-69,-378
2015-2014,NC-511,-115,-10,-123,-44,-15
2014-2016,NC-511,-112,14,53,40,-142
2016-2017,NC-511,220,27,30,115,48
2014-2015,NC-513,-11,0,-9,-6,2
2015-2017,NC-513,68,3,-1,-10,78
2017-2016,NC-513,-52,2,-9,2,-54
2015-2014,NC-516,62,36,-7,-10,52
2014-2016,NC-516,-138,-64,-21,14,-92
2016-2017,NC-516,113,15,54,-5,62
2016-2017,ND-500,-87,-156,-2,62,130
2017-2014,ND-500,-43,587,-77,46,-663
2014-2015,ND-500,338,100,-17,-29,380
2014-2016,NE-500,-83,-8,-63,-18,6
2016-2017,NE-500,124,-60,0,12,138
2017-2015,NE-500,-91,21,58,-28,-92
2017-2014,NE-501,290,5,126,-32,188
2014-2015,NE-501,-483,-9,-145,51,-381
2015-2016,NE-501,85,13,-10,22,44
2016-2014,NE-502,-86,-2,1,-36,-49
2014-2015,NE-502,89,25,-6,21,49
2015-2017,NE-502,-115,-31,34,-13,-105
2014-2015,NH-500,26,34,-14,-36,37
2015-2017,NH-500,358,-17,168,36,209
2017-2016,NH-500,-425,9,-179,6,-211
2015-2016,NH-501,34,5,39,27,-22
2016-2017,NH-501,86,6,-21,12,94
2017-2014,NH-501,-117,59,-22,6,-160
2016-2017,NH-502,62,35,18,4,-6
2017-2015,NH-502,-95,-43,-37,10,-17
2015-2014,NH-502,-28,12,6,-42,-8
2014-2015,NJ-500,-71,-5,-28,-56,-18
2015-2017,NJ-500,198,0,19,51,157
2017-2016,NJ-500,-150,0,-34,-87,-43
2016-2014,NJ-501,-113,0,-18,4,-29
2014-2015,NJ-501,141,0,38,69,49
2015-2017,NJ-501,9,0,7,-74,-45
2017-2015,NJ-502,-140,0,10,2,-198
2015-2016,NJ-502,102,0,-45,-30,158
2016-2014,NJ-502,-153,0,19,30,-185
2016-2014,NJ-503,-217,-2,77,72,-169
2014-2015,NJ-503,253,7,51,59,148
2015-2017,NJ-503,-714,-10,-74,-61,-650
2014-2015,NJ-504,-365,4,-200,-4,-158
2015-2016,NJ-504,123,-4,-104,-3,251
2016-2017,NJ-504,154,12,242,28,-136
2015-2014,NJ-506,-19,0,-10,7,31
2014-2017,NJ-506,330,0,133,-19,119
2017-2016,NJ-506,-236,0,-137,34,-78
2014-2015,NJ-507,188,0,17,-7,160
2015-2016,NJ-507,23,0,-61,-1,138
2016-2017,NJ-507,221,0,14,65,119
2016-2017,NJ-508,42,0,36,51,-57
2017-2015,NJ-508,22,0,12,-1,-4
2015-2014,NJ-508,209,0,48,3,130
2016-2015,NJ-509,-22,0,-2,6,-21
2015-2017,NJ-509,141,0,22,6,88
2017-2014,NJ-509,-147,0,-16,-5,-87
2014-2017,NJ-510,-447,7,-123,-30,-316
2017-2015,NJ-510,-26,-7,-2,41,-93
2015-2016,NJ-510,13,0,-17,-77,93
2015-2014,NJ-511,-118,0,-13,6,-97
2014-2017,NJ-511,441,0,57,3,338
2017-2016,NJ-511,-208,0,-56,6,-145
2015-2014,NJ-512,-11,0,0,0,-11
2014-2016,NJ-512,13,0,0,0,13
2016-2017,NJ-512,-13,0,0,0,-28
2016-2015,NJ-513,131,0,15,19,108
2015-2014,NJ-513,-137,0,-11,-6,-123
2014-2017,NJ-513,33,0,0,-12,40
2015-2014,NJ-514,67,10,28,19,14
2014-2016,NJ-514,-12,-10,-56,-14,69
2016-2017,NJ-514,-76,0,6,-8,-104
2017-2016,NJ-515,-129,0,-34,-17,-75
2016-2015,NJ-515,-13,0,40,9,-48
2015-2014,NJ-515,-74,0,8,28,-73
2014-2016,NJ-516,22,0,-8,-7,32
2016-2015,NJ-516,11,0,31,3,-29
2015-2017,NJ-516,1,0,-38,3,-41
2015-2016,NM-500,-567,49,45,-10,-651
2016-2014,NM-500,2525,-580,-48,72,3083
2014-2017,NM-500,-958,832,384,4,-2226
2015-2017,NM-501,424,-5,-62,51,104
2017-2014,NM-501,-708,-1,77,8,-459
2014-2016,NM-501,819,-1,-93,-25,575
2015-2014,NV-500,-1959,-113,-244,-266,-1336
2014-2016,NV-500,5317,77,813,382,4045
2016-2017,NV-500,-3719,-9,67,-528,-3249
2017-2014,NV-501,27,-369,40,-178,534
2014-2015,NV-501,171,16,67,43,45
2015-2016,NV-501,-55,34,14,56,-159
2016-2014,NV-502,-405,-16,-200,-34,-165
2014-2015,NV-502,166,-11,20,-8,156
2015-2017,NV-502,208,58,187,78,-61
2014-2017,NY-500,469,44,102,-17,347
2017-2015,NY-500,-253,211,-64,-11,-401
2015-2016,NY-500,272,-146,108,-9,295
2017-2016,NY-503,-137,-3,-63,-32,-41
2016-2015,NY-503,-125,-5,-56,-185,131
2015-2014,NY-503,-16,0,127,15,-157
2017-2015,NY-504,41,0,-6,10,30
2015-2016,NY-504,-13,0,4,-10,7
2016-2014,NY-504,-7,0,-6,0,-35
2017-2016,NY-505,51,-18,90,24,30
2016-2014,NY-505,-1225,-19,-248,-114,-988
2014-2015,NY-505,676,5,147,173,397
2016-2014,NY-507,41,0,9,39,-29
2014-2017,NY-507,121,0,28,30,59
2017-2015,NY-507,-110,0,-23,-63,-13
2016-2014,NY-508,-1298,0,-207,-75,-1015
2014-2015,NY-508,844,6,61,21,725
2015-2017,NY-508,-348,1,10,36,-293
2014-2015,NY-510,-33,0,-24,4,-23
2015-2017,NY-510,90,0,26,-4,79
2017-2016,NY-510,-68,0,-18,5,-37
2015-2016,NY-511,145,-4,-17,21,97
2016-2014,NY-511,-50,0,-31,-8,-12
2014-2017,NY-511,27,-1,95,-3,-85
2016-2014,NY-512,-176,0,-77,-26,-62
2014-2017,NY-512,183,0,36,30,85
2017-2015,NY-512,-83,0,31,-35,-70
2014-2016,NY-513,12,-3,-7,25,62
2016-2015,NY-513,-48,0,27,-24,-33
2015-2017,NY-513,60,0,-39,24,36
2015-2016,NY-514,-76,0,-23,-9,-80
2016-2017,NY-514,22,0,8,4,37
2017-2014,NY-514,54,0,-7,-4,37
2016-2015,NY-516,-51,0,11,15,-47
2015-2014,NY-516,-37,0,-13,-11,-32
2014-2017,NY-516,103,0,18,-14,97
2017-2014,NY-518,-192,-3,-20,2,-155
2014-2016,NY-518,33,3,24,-7,32
2016-2015,NY-518,30,-3,-14,8,-8
2016-2015,NY-519,27,1,16,-5,10
2015-2017,NY-519,-15,0,-11,10,-35
2017-2014,NY-519,-3,-7,6,-27,27
2015-2016,NY-520,28,0,-2,-1,-25
2016-2017,NY-520,57,0,-1,-3,116
2017-2014,NY-520,-49,0,12,0,-57
2016-2017,NY-522,61,0,-21,3,-183
2017-2014,NY-522,-22,6,7,-3,51
2014-2015,NY-522,-24,2,-10,10,1
2015-2014,NY-523,-46,0,38,15,-83
2014-2016,NY-523,193,10,-32,46,90
2016-2017,NY-523,-89,-5,1,-49,0
2014-2016,NY-600,21931,-127,8657,-82,13714
2016-2015,NY-600,-28981,-2353,-9375,-55,-17946
2015-2017,NY-600,32584,2025,7982,75,23011
2014-2016,NY-601,189,0,36,21,138
2016-2017,NY-601,46,0,-18,8,48
2017-2015,NY-601,-174,0,-18,-27,-131
2015-2014,NY-602,-6,2,-11,-28,62
2014-2017,NY-602,135,0,-72,46,147
2017-2016,NY-602,21,3,94,-22,-91
2017-2014,NY-603,-2620,-14,-291,-233,-2161
2014-2016,NY-603,1722,13,424,185,1216
2016-2015,NY-603,-1106,-5,-373,-132,-689
2015-2014,NY-604,16,-3,-456,-14,-35
2014-2016,NY-604,12,7,455,4,116
2016-2017,NY-604,-112,-7,-500,-36,-92
2015-2014,NY-606,1,0,43,4,-6
2014-2017,NY-606,-15,0,21,16,-47
2017-2016,NY-606,25,0,-55,-13,66
2015-2017,NY-607,-32,0,-34,-11,-1
2017-2014,NY-607,54,3,0,19,37
2014-2016,NY-607,-8,-3,5,12,-12
2016-2017,NY-608,105,5,18,36,26
2017-2014,NY-608,-27,-5,43,-47,3
2014-2015,NY-608,-22,0,-31,20,2
2016-2015,OH-500,-675,-3,-217,6,-467
2015-2017,OH-500,-552,3,-211,-17,-421
2017-2014,OH-500,2290,21,952,54,1333
2015-2014,OH-501,-637,8,-65,-23,-543
2014-2016,OH-501,1047,-5,69,29,899
2016-2017,OH-501,392,3,16,-27,357
2016-2014,OH-502,494,-26,-97,-7,594
2014-2015,OH-502,-817,18,-8,-1,-733
2015-2017,OH-502,414,14,41,22,291
2017-2015,OH-503,-1108,-14,-32,-139,-911
2015-2014,OH-503,-11,5,134,29,-137
2014-2016,OH-503,416,26,-181,36,536
2017-2014,OH-504,-145,0,-82,-12,17
2014-2016,OH-504,-74,0,2,7,-93
2016-2015,OH-504,77,7,10,-4,62
2014-2016,OH-505,-56,-2,8,45,-255
2016-2017,OH-505,144,-1,-50,-56,408
2017-2015,OH-505,-5,3,120,13,-283
2016-2015,OH-506,-17,-40,-10,-12,4
2015-2017,OH-506,63,83,-55,-3,47
2017-2014,OH-506,42,-108,212,0,-159
2014-2015,OH-507,1222,-7,-16,100,1237
2015-2016,OH-507,590,0,117,-33,64
2016-2017,OH-507,598,10,-37,-6,488
2017-2016,OH-508,256,2,141,-5,126
2016-2015,OH-508,-77,-5,-27,0,-135
2015-2014,OH-508,16,5,20,4,81
2016-2015,OK-500,19,30,-41,3,-60
2015-2014,OK-500,57,-82,214,57,-77
2014-2017,OK-500,23,119,-152,-48,141
2017-2014,OK-501,448,6,404,68,-123
2014-2015,OK-501,600,17,-92,51,672
2015-2016,OK-501,-209,-20,-311,-25,149
2017-2015,OK-502,-1498,34,164,112,-1814
2015-2014,OK-502,-1023,-146,95,-5,-1092
2014-2016,OK-502,251,95,-205,-95,589
2016-2014,OK-503,142,77,172,62,-81
2014-2015,OK-503,-201,2,-11,66,-197
2015-2017,OK-503,22,-102,-182,-139,508
2016-2014,OK-504,83,-6,-2,23,14
2014-2017,OK-504,-84,-3,-62,-21,58
2017-2015,OK-504,54,7,56,23,-27
2017-2015,OK-505,131,88,98,7,322
2015-2016,OK-505,-114,-104,-22,13,-41
2016-2014,OK-505,240,559,19,20,-213
2014-2016,OK-506,584,-46,-39,6,274
2016-2017,OK-506,123,-26,-94,1,540
2017-2015,OK-506,-427,59,69,11,-660
2017-2014,OK-507,-47,-61,220,15,-149
2014-2015,OK-507,495,54,-72,-5,626
2015-2016,OK-507,245,66,296,1,-127
2015-2014,OR-500,97,-19,81,2,47
2014-2017,OR-500,259,10,-119,18,337
2017-2016,OR-500,-131,44,16,-38,-167
2017-2015,OR-501,-406,-31,30,-23,-362
2015-2014,OR-501,-440,-58,-88,2,-280
2014-2016,OR-501,482,105,94,62,190
2017-2014,OR-502,-674,-54,25,-28,-654
2014-2015,OR-502,410,-7,-14,11,453
2015-2016,OR-502,280,66,74,6,134
2014-2017,OR-503,-354,9,-138,-3,-200
2017-2015,OR-503,488,37,89,-1,373
2015-2016,OR-503,-453,-24,-62,-19,-335
2014-2017,OR-505,1756,460,226,42,1007
2017-2016,OR-505,-719,-168,-244,19,-431
2016-2015,OR-505,-670,5,-12,-22,-621
2016-2015,OR-506,-103,-20,-76,4,-48
2015-2017,OR-506,138,17,63,-31,117
2017-2014,OR-506,-434,-37,-50,10,-339
2016-2015,OR-507,-282,-40,-9,-41,-190
2015-2014,OR-507,-16,16,12,-4,-24
2014-2017,OR-507,475,83,-21,2,410
2017-2014,PA-500,606,-14,618,24,5
2014-2016,PA-500,-473,0,-178,-39,-282
2016-2015,PA-500,92,0,-185,23,336
2014-2017,PA-501,187,3,3,20,165
2017-2016,PA-501,-140,-3,-26,-41,-89
2016-2015,PA-501,28,5,28,24,-81
2014-2016,PA-502,229,7,7,-25,177
2016-2017,PA-502,-67,1,72,26,-132
2017-2015,PA-502,-86,-8,-62,-9,37
2015-2016,PA-503,15,0,-15,3,29
2016-2014,PA-503,29,0,50,3,-11
2014-2017,PA-503,24,0,-19,22,45
2015-2016,PA-504,19,7,21,-29,-26
2016-2014,PA-504,41,3,-10,43,18
2014-2017,PA-504,-3,-10,-9,-22,8
2014-2015,PA-505,-150,0,-10,-11,7
2015-2017,PA-505,314,16,17,25,112
2017-2016,PA-505,-162,-13,12,-37,-41
2016-2017,PA-506,45,4,-32,10,79
2017-2015,PA-506,-3,-10,75,-47,-68
2015-2014,PA-506,-280,6,-95,22,-215
2015-2014,PA-508,37,0,11,7,-6
2014-2017,PA-508,-29,6,-12,-10,-22
2017-2016,PA-508,10,-2,5,-4,15
2017-2016,PA-509,-785,54,-198,-136,-488
2016-2014,PA-509,-436,-79,59,-55,-433
2014-2015,PA-509,-149,25,-72,3,170
2014-2015,PA-510,379,33,4,14,327
2015-2017,PA-510,164,3,34,53,154
2017-2016,PA-510,-233,-25,-23,-13,-243
2015-2017,PA-511,9,-7,82,-9,-105
2017-2016,PA-511,3,3,-46,25,13
2016-2014,PA-511,-41,0,-14,-33,47
2017-2016,PA-512,-387,12,-13,-55,-246
2016-2014,PA-512,378,8,85,28,285
2014-2015,PA-512,-425,-17,-160,-36,-279
2016-2015,PA-600,-237,-11,-142,-49,-59
2015-2014,PA-600,-139,0,-11,-1,-79
2014-2017,PA-600,682,6,122,4,540
2015-2014,PA-601,153,1,106,-38,63
2014-2017,PA-601,-190,8,-127,-8,-72
2017-2016,PA-601,-27,-17,-2,-18,7
2014-2015,PA-603,41,0,0,0,28
2015-2017,PA-603,75,4,-12,39,92
2017-2016,PA-603,-66,-4,27,-24,-109
2016-2017,PA-605,0,8,80,-33,-190
2017-2014,PA-605,27,-5,-17,6,58
2014-2015,PA-605,-89,-3,-33,3,-17
2017-2015,PR-502,-1108,-157,118,0,-1069
2015-2016,PR-502,373,-124,-210,0,464
2016-2014,PR-502,-777,0,-56,0,-560
2014-2015,RI-500,7,10,-31,-4,73
2015-2017,RI-500,223,-1,109,-5,178
2017-2016,RI-500,-190,-3,-66,15,-136
2015-2017,SC-500,-309,-82,-139,-27,-127
2017-2014,SC-500,-243,-2,92,-185,-116
2014-2016,SC-500,351,72,31,187,104
2015-2016,SC-501,-146,49,-107,19,-117
2016-2017,SC-501,-1207,146,-283,-87,-1019
2017-2014,SC-501,983,-272,232,3,907
2015-2014,SC-502,-105,77,-17,51,-246
2014-2017,SC-502,-72,-14,-31,78,-105
2017-2016,SC-502,765,-29,24,76,637
2015-2016,SC-503,471,1,37,71,562
2016-2014,SC-503,-284,-3,-63,-203,-122
2014-2017,SC-503,21,9,82,18,-98
2014-2016,SD-500,1343,-36,233,-68,722
2016-2017,SD-500,-239,-1,75,16,61
2017-2015,SD-500,-809,6,-56,69,-671
2015-2016,TN-500,946,-3,227,-61,713
2016-2017,TN-500,-446,25,-192,52,-230
2017-2014,TN-500,-101,-15,-109,40,-84
2015-2017,TN-501,207,8,50,60,97
2017-2014,TN-501,835,10,149,24,654
2014-2016,TN-501,-1008,-7,-123,-40,-862
2014-2015,TN-502,-446,-2,-120,-65,-259
2015-2016,TN-502,154,-7,-86,67,18
2016-2017,TN-502,-45,5,123,-42,25
2017-2014,TN-503,-110,-9,20,-75,-98
2014-2016,TN-503,-207,-9,5,-42,-312
2016-2015,TN-503,-115,11,-40,-13,140
2016-2017,TN-504,495,7,41,-32,471
2017-2015,TN-504,-385,-15,-41,39,-356
2015-2014,TN-504,706,23,115,156,417
2014-2015,TN-506,-595,-68,-35,-50,-439
2015-2016,TN-506,65,-3,27,-30,-115
2016-2017,TN-506,537,47,19,57,549
2016-2014,TN-507,-111,-10,1,-52,56
2014-2017,TN-507,356,14,18,77,218
2017-2015,TN-507,-578,-13,-11,-41,-325
2017-2014,TN-509,-14,-7,62,26,-32
2014-2015,TN-509,-225,-4,-63,1,-198
2015-2016,TN-509,130,8,-5,-34,133
2016-2017,TN-510,41,-5,53,10,13
2017-2014,TN-510,-1048,-20,-96,-174,-752
2014-2015,TN-510,801,13,27,135,588
2015-2017,TN-512,648,-11,118,146,364
2017-2014,TN-512,204,21,-44,-45,290
2014-2016,TN-512,-322,-46,-74,-36,-347
2015-2017,TX-500,123,360,55,246,-692
2017-2014,TX-500,1830,-794,2612,-419,614
2014-2016,TX-500,-1967,958,-2594,287,-687
2014-2017,TX-503,868,4,1087,-2,-253
2017-2015,TX-503,-185,-3,-310,41,102
2015-2016,TX-503,590,-9,390,36,189
2017-2016,TX-600,1545,-247,16,54,1841
2016-2015,TX-600,-1970,-247,66,-421,-1734
2015-2014,TX-600,-311,-20,185,-335,-71
2016-2017,TX-601,-962,46,-30,25,-1009
2017-2015,TX-601,-194,-52,28,-384,203
2015-2014,TX-601,-673,-95,1243,-132,-1676
2015-2014,TX-603,268,-8,49,3,144
2014-2016,TX-603,-247,-48,10,-27,-125
2016-2017,TX-603,367,6,-32,56,320
2015-2017,TX-604,276,15,48,-2,141
2017-2014,TX-604,-226,-19,-24,-23,-239
2014-2016,TX-604,591,6,-17,32,649
2017-2016,TX-607,2324,-162,195,493,2268
2016-2014,TX-607,-5296,-186,-336,-588,-3919
2014-2015,TX-607,2260,-172,439,232,1720
2017-2014,TX-611,-492,2,-10,27,-486
2014-2015,TX-611,487,26,21,16,399
2015-2016,TX-611,-54,-34,0,-47,52
2016-2015,TX-624,-116,-1,-46,-34,-70
2015-2017,TX-624,42,-11,-10,7,-25
2017-2014,TX-624,41,9,26,22,109
2017-2015,TX-700,-749,-180,70,-126,-357
2015-2014,TX-700,803,81,350,-270,647
2014-2016,TX-700,-626,-32,-331,511,-995
2015-2016,TX-701,-81,-5,-43,45,-73
2016-2014,TX-701,59,-5,54,-33,-97
2014-2017,TX-701,-6,6,-46,24,90
2014-2017,UT-500,595,46,-15,-10,578
2017-2016,UT-500,-172,-43,40,16,-208
2016-2015,UT-500,-158,13,-50,-42,-130
2017-2016,UT-503,-524,-57,-73,-33,-388
2016-2015,UT-503,134,-255,-10,11,-23
2015-2014,UT-503,-277,2,-19,-3,-174
2016-2017,UT-504,-355,-3,-8,-14,-345
2017-2014,UT-504,410,-19,19,25,358
2014-2015,UT-504,-118,6,0,-4,-70
2016-2017,VA-500,8,14,-80,39,45
2017-2015,VA-500,-326,-33,55,-193,-314
2015-2014,VA-500,311,-1,40,152,281
2016-2015,VA-501,-150,-24,-1,-12,-92
2015-2017,VA-501,431,17,41,95,323
2017-2014,VA-501,-449,6,-28,-158,-315
2014-2017,VA-502,-201,0,-50,-21,-127
2017-2016,VA-502,108,0,24,-3,91
2016-2015,VA-502,63,8,61,6,-4
2016-2014,VA-503,84,3,52,-35,64
2014-2017,VA-503,64,-1,-59,131,-7
2017-2015,VA-503,-71,-2,51,-134,14
2017-2015,VA-504,-23,27,1,-36,-29
2015-2014,VA-504,71,85,5,12,-16
2014-2016,VA-504,-58,-107,-8,2,-7
2015-2014,VA-505,104,-6,-48,63,43
2014-2016,VA-505,-305,0,42,-152,-138
2016-2017,VA-505,138,2,-9,38,123
2017-2016,VA-507,-71,0,37,-59,-6
2016-2015,VA-507,-1,0,-1,10,-10
2015-2014,VA-507,7,0,-36,34,-15
2016-2017,VA-508,63,5,-3,19,24
2017-2015,VA-508,-31,3,5,-12,0
2015-2014,VA-508,-6,2,-51,-2,59
2015-2016,VA-513,56,-9,-6,0,53
2016-2017,VA-513,-8,-4,8,-4,8
2017-2014,VA-513,-59,6,26,-1,-99
2015-2016,VA-514,32,17,-45,-25,25
2016-2014,VA-514,0,-2,68,-118,126
2014-2017,VA-514,21,5,3,192,-168
2017-2016,VA-521,70,7,8,-15,-45
2016-2015,VA-521,-103,-1,53,11,-82
2015-2014,VA-521,-139,6,-24,-60,-42
2014-2015,VA-600,-1,0,22,2,-25
2015-2017,VA-600,-10,0,-4,-5,-11
2017-2016,VA-600,-21,0,4,-10,-71
2014-2015,VA-601,-73,0,-24,-1,-48
2015-2016,VA-601,37,1,-45,12,69
2016-2017,VA-601,945,-2,68,-2,881
2015-2016,VA-602,508,-3,-3,-15,529
2016-2014,VA-602,-728,18,23,-7,-762
2014-2017,VA-602,1181,-25,-19,11,1214
2015-2016,VA-603,-12,0,-12,-11,11
2016-2014,VA-603,26,0,6,20,0
2014-2017,VA-603,-55,0,4,-13,-46
2015-2017,VA-604,-17,-3,-26,-3,24
2017-2014,VA-604,-42,-4,16,-19,-43
2014-2016,VA-604,-43,11,-1,25,-55
2016-2015,VT-500,-5,-13,-34,33,15
2015-2017,VT-500,-44,32,60,-42,-113
2017-2014,VT-500,-4,-42,-41,20,92
2016-2015,VT-501,36,0,-6,4,38
2015-2014,VT-501,67,8,5,33,17
2014-2017,VT-501,-58,-4,5,-25,-16
2015-2014,WA-500,-853,-50,-218,-92,-524
2014-2017,WA-500,3045,188,592,176,2130
2017-2016,WA-500,-1014,-53,-244,-66,-662
2016-2015,WA-501,-390,-78,-130,35,-130
2015-2017,WA-501,624,444,-120,160,127
2017-2014,WA-501,-2225,-425,237,-257,-1711
2017-2015,WA-502,-109,-14,64,-13,-159
2015-2014,WA-502,-7,5,49,-3,-36
2014-2016,WA-502,121,31,-4,67,40
2016-2017,WA-503,506,96,-185,-7,578
2017-2014,WA-503,-862,-214,81,-140,-562
2014-2015,WA-503,-43,11,177,104,-309
2016-2017,WA-504,121,111,-193,24,172
2017-2015,WA-504,-677,-190,172,-103,-584
2015-2014,WA-504,-143,66,-58,-11,-159
2014-2016,WA-507,636,3,-104,1,747
2016-2015,WA-507,-468,-9,32,-32,-469
2015-2017,WA-507,396,21,3,40,339
2015-2017,WA-508,547,135,-56,-20,500
2017-2014,WA-508,-791,-166,84,13,-725
2014-2016,WA-508,810,105,-5,42,675
2016-2017,WI-500,19,-7,136,27,-70
2017-2015,WI-500,-447,7,-231,-38,-212
2015-2014,WI-500,95,-13,159,-18,-28
2017-2015,WI-501,-868,26,-145,30,-776
2015-2016,WI-501,639,-29,223,-60,490
2016-2014,WI-501,-384,-7,-165,10,-209
2016-2015,WI-502,527,27,-62,-13,579
2015-2014,WI-502,766,96,66,-36,644
2014-2017,WI-502,-1156,-128,-122,48,-1028
2016-2017,WI-503,238,-1,30,65,131
2017-2014,WI-503,47,14,-83,51,51
2014-2015,WI-503,48,-11,-12,-18,80
2017-2015,WV-500,22,16,95,0,-89
2015-2016,WV-500,29,-19,-11,-3,47
2016-2014,WV-500,-194,10,-87,0,-109
2015-2014,WV-501,-75,2,-45,10,-52
2014-2016,WV-501,-45,-10,-69,-15,50
2016-2017,WV-501,16,0,-57,0,61
2017-2016,WV-503,308,-23,91,19,219
2016-2014,WV-503,-275,-8,-74,-59,-170
2014-2015,WV-503,234,7,12,57,197
2015-2016,WV-508,407,-45,-533,1,717
2016-2014,WV-508,-1461,-2,215,-42,-1367
2014-2017,WV-508,1513,31,-292,44,1723
2014-2017,WY-500,506,-77,102,-28,470
2017-2016,WY-500,-264,34,-109,-16,-280
2016-2015,WY-500,-116,-9,22,64,-98
